ODI Number,Manufacturer,Crash,Fire,Injuries,Deaths,Incident Date,Complaint Date,VIN,Components,Summary,Make,Model
746344,"General Motors, LLC",0,0,0,0,06/03/2001,06/03/2001,CE248112938,TIRES,"THE REAR TIRE ON MY PICKUP FAILED WHILE TRAVELING ON THE FREEWAY AT APX 70 MPH.  THE LEFT REAR TREAD SEPARATED FROM THE CARCASS AT SPEED.  THE REMAINING 3 TIRES HAVE ON AVERAGE 5-6 MM OF TREAD REMAINING.  THE TIRE PRESSURE WAS CHECKED THE DAY BEFORE 53 PSI AND I INCREASED THE PRESSUE TO 60 TO MATCH THE OTHER TIRES.  THE VEHICLE WAS PARTIALLY LOADED WITH APX 600 LBS IN THE REAR.  THE TIRES WERE ORIGINAL EQUIPPMENT ""TAKE OFF"" TIRES AND RIMS FOR A 93 F250.  THE TIRES AND WHEELS WERE PURCHASED AS A MATCHED SET WITH LESS THAN 600 MILES WEAR, FROM A FORD DEALERSHIP IN LATE 93 OR EARLY 94.   I AM NATURALLY CONCERNED FOR MY SAFETY WITH THE REMAINING 3 FIRESTONE TIRES.  THE TIRE DEMONSTRATED NO BULGING, EDGE SEPARATION, ""THUMPING"" OR FLAT SPOTS PRIOR TO FAILURE.  THE TIRE DID SHOW SIGNS OF A SLOW LEAK WITH A LOSS OF 2-4 PSI  A MONTH WHEN SET AT 60 PSI.  REPEATED INSPECTIONS FOR NAILS, SCREWS, PUNCTURES OR SIDEWALL DAMAGE WERE NEGATIVE.   I ATTRIBUTED THE TIRE PRESSURE LOSS TO A BAD VALVE STEM.  THE WEAR PATTERN ON THE REMAINING TIRES IS CONSISTENT WITH NORMAL OPERATION.  I USE THE VEHICLE RECREATIONALY AND NOT FOR WORK.    PLEASE HELP, WHAT SHOULD I DO??? (DOT NUMBER: VNOR1WT103  TIRESIZE: LT23585R16)",CHEVROLET,C SERIES
963860,"General Motors, LLC",0,0,0,0,04/17/1995,04/17/1995,,SUSPENSION,"SEARS BEST SHOCK ABSORBERS DEFECTIVE, DOES NOT HAVE ANY SHOCK PROTECTION. TT",CHEVROLET,C10
10671829,"General Motors, LLC",1,0,0,0,10/30/2014,01/12/2015,0000124378L,"STEERING,WHEELS","I'M RESTO-MODDING A 1968 CAMARO.  I HAD A SHOP REPLACE THE ORIGINAL POWER STEERING BOX (RECIRCULATING BALL STEERING GEAR) WITH A NEW ONE FROM CLASSIC PERFORMANCE PRODUCTS (CPP).  THEIR WEB SITE WOULD LEAD YOU TO BELIEVE THEY MAKE EVERYTHING LOCALLY BUT THEY FINALLY ADMITTED THEIR 400 SERIES STEERING BOXES ARE MANUFACTURED OVERSEAS. I HAD A CERTIFIED MECHANIC DO ALL THE WORK AND HE HAD A LOT OF TROUBLE WITH THE INSTALLATION.  FROM DAY ONE, THE BOX DID NOT PERFORM TO ANYONE'S EXPECTATIONS.  AT IDLE, IT PROVIDED NO POWER ASSIST AT ALL.  EVENTUALLY IT BEGAN TO STICK WHEN TURNING A CORNER AND FINALLY IT FAILED ALL TOGETHER RENDERING THE CAR INOPERABLE.  WHEN IT FAILED, IT WAS AS IF THE STEERING WHEEL WAS NO LONGER CONNECTED TO THE STEERING BOX.  I HAVE PICTURES OF THE INTERNALS OF THE BOX AFTER IT FAILED AND THE MECHANIC ADMITTED HE NEVER SAW ANYTHING LIKE THIS BEFORE.  THE BOX WAS SENT BACK TO CPP AND THEY REPLACED IT WITH ANOTHER 400 SERIES BOX WHICH IS ALSO NOT PERFORMING CORRECTLY.  SOME OF THE STEEL BALLS WERE ELONGATED AND SOME WERE FLATTENED WHICH WOULD NOT BE POSSIBLE IF THEY WERE MADE FROM HIGH GRADE HARDENED STEEL - THE KIND USA MANUFACTURERS TELL ME THEY USE.  ACCORDING TO CUSTOMER COMMENTS ON THEIR WEB SITE, I AM NOT THE ONLY CONSUMER WHO HAS EXPERIENCED THIS PROBLEM WITH THIS BOX.   THEIR ENGINEERING DEPT. EVEN OFFERS A WORK AROUND FOR SOME OF THE PROBLEMS SO I BELIEVE THEY ARE AWARE OF THESE PROBLEMS YET THEY CONTINUE TO SELL THE PRODUCT.  I HESITATE TO THINK WHAT COULD HAVE HAPPENED IF THE FAILURE HAD OCCURRED WHILE DRIVING ON AN INTERSTATE EXPRESSWAY AT 60 MPH.  I DO NOT KNOW IF CPP AS A COMPANY IS ACTING IRRESPONSIBLY BUT I CERTAINLY WOULD LIKE SOME HELP PREVENTING ANY MORE OF THESE BOXES BEING SOLD UNTIL THIS PROBLEM IS FULLY RESOLVED.  ANYONE WHO OWNS ONE OF THEIR BOXES SHOULD BE MADE AWARE OF THE POTENTIAL DANGER.  PLEASE LET ME KNOW WHAT CAN BE DONE.  *TR",CHEVROLET,CAMARO
10676750,"General Motors, LLC",0,0,0,0,10/15/2014,01/20/2015,,STEERING,"TL* THE CONTACT OWNS A 1968 CHEVROLET CAMARO. THE CONTACT STATED THAT WHILE MAKING A RIGHT OR LEFT TURN, THE STEERING WHEEL SEIZED. THE VEHICLE WAS TOWED TO AN INDEPENDENT MECHANIC, WHO DIAGNOSED THAT THE STEERING BOX FRACTURED AND NEEDED TO BE REPLACED. THE VEHICLE WAS NOT REPAIRED. THE CONTACT WAS CONCERNED THAT IF THE STEERING BOX WERE REPLACED, THE FAILURE WOULD RECUR DUE TO THE PART BEING FROM THE SAME MANUFACTURER. THE MANUFACTURER WAS NOTIFIED OF THE FAILURE. THE VIN WAS NOT AVAILABLE. THE APPROXIMATE FAILURE MILEAGE WAS 1,000.  UPDATED 03/31/15*LJ",CHEVROLET,CAMARO
10275972,"Chrysler (FCA US, LLC)",0,0,0,0,07/04/2009,07/07/2009,,TIRES,"ON 12/6/06 I PURCHASED A SEARS TIRE 185 80S13 FOR MY 68 DODGE DART AND GOT CHARGED FOR A NEW VALVE. THIS TIRE WAS PLACED IN THE TRUNK AS SPARE.  ON 4/10/07 I PURCHASED ANOTHER 3 OF THE  SAME TIRES, INCLUDING VALVES, AT SEARS AT 95668 MILES ODOMETER READING AND HAD THE TIRES, INCLUDING THE EARLIER PURCHASED SPARE, MOUNTED ON MY CAR.  ON 11/14/07 WHILE DRIVING ON THE FREEWAY, MY LEFT FRONT TIRE BLEW OUT AND I DISCOVERED THAT THE VALVE WAS CRACKED AT THE BASE. THE  SAME DAY I PAID SEARS TO REPLACE THE VALVE. THE ODOMETER READING WAS 96382.  ON 7/4/09 I DISCOVERED THAT THE RIGHT FRONT TIRE LOST ALL AIR WHILE SITTING IN THE GARAGE WITH AN ODOMETER READING OF 97561. AN INSPECTION OF THE VALVE REVEALED THAT IT TOO WAS CRACKED. NOTE THAT I DRIVE THIS CARE VERY LITTLE AND MOSTLY IN THE CITY. THE VALVE STEMS DO NOT STICK OUT OF THE WHEEL COVERS AND COULD NOT HAVE BEEN DAMAGED FROM PARKING. NOW I HAVE TO CONVINCE SEARS TO TAKE ALL WHEELS OFF AND INSPECT AND REPLACE ALL VALVES BEFORE AN ACCIDENT HAPPENS. AND I SHOULD NOT HAVE TO PAY FOR IT. WHY IS A RECALL NOT DONE ON THESE DEFECTIVE VALVES? *TR",DODGE,DART
8009750,Ford Motor Company,0,1,0,0,04/11/2002,05/13/2002,PLEASE PROV,ELECTRICAL SYSTEM,AFTER PARKING VEHICLE  WIRES IN DASHBOARD CAUGHT ON FIRE. *AK,FORD,F150
10249447,Ford Motor Company,0,0,0,0,09/10/2008,11/20/2008,,TIRES,"TL*THE CONTACT OWNS A 1968 FORD F250.  THE VEHICLE HAS A SET OF COOPER PRO COMP MUDTRAIN TIRES (NA).  THE CONTACT STATED THAT THE INSIDE WALL DESIGN OF THE TIRES WAS SPLITTING APART, WHICH CAUSED THE INSIDE TO BULGE AND CRACK.  THE FAILURE WAS DISCOVERED WHEN THE VEHICLE RECEIVED A FLAT TIRE.  HE CALLED COOPER TIRES AND THEY ADVISED HIM TO SEND THEM THE TIRES; HOWEVER, THIS COULD NOT BE DONE BECAUSE THE VEHICLE WOULD NOT HAVE ANY TIRES AT ALL.  THE MANUFACTURER WANTED THE CONTACT TO PAY FOR SHIPPING AND THE COST TO REPAIR THE TIRE FAILURE.  THEY ALSO CHARGED $32 PER TIRE FOR EVERY TREAD THAT WAS USED.  THE CONTACT DOES NOT FEEL SAFE WITH THESE TIRES DUE TO THE FACT THAT THE NEAREST STORE IS 25 MILES AWAY.  THE DOT NUMBER, CORRECT TIRE SIZE, VIN, AND MILEAGES WERE UNKNOWN.",FORD,F250
10627357,Ford Motor Company,1,1,1,2,02/15/2002,08/22/2014,,FUEL/PROPULSION SYSTEM,A REAR-END COLLISION CAUSED THE FUEL TANK TO BE PUNCTURED AND RESULTED IN A DEADLY FIRE WHEN THE FUEL SPILLED FROM THE TRUNK AREA PAST THE REAR SEAT AND INTO THE PASSENGER COMPARTMENT.  *TR,FORD,FALCON
554037,Ford Motor Company,0,0,0,0,,08/28/2000,,TIRES,"FIRESTONE TIRE (P22575R15) SEPARATED FROM STEEL BELT, THIS HAS HAPPENED TO 3 OF THE CONSUMERS TIRES.  NLM",FORD,FORD TRUCK
547829,Ford Motor Company,0,0,0,0,,08/05/1999,,"FUEL SYSTEM, GASOLINE",GAS TANK DROPPED.  YH,FORD,MUSTANG
556638,Ford Motor Company,0,0,0,0,,10/31/2000,,ELECTRICAL SYSTEM,CONSUMER FEELS FAULTY IGNITION SWITCH CAUSED THE VEHICLE TO SHUT DOWN WHILE DRIVING AND RESULTED IN LOSS OF POWER.  NLM,MERCURY,MONTEREY
474905,NORTON/TRIUMPH CORP.,1,0,1,0,12/09/1994,12/09/1994,UNK,"FUEL SYSTEM, GASOLINE","BLADE SHAPED WING UNLOCKING DEVICE ON FUEL FILLER CAP CUT RIGHT SIDE OF PASSENGER'S KNEE, RESULTING IN AN INJURY.      *AK",NORTON,NORTON/TRIUMPH
809820,"General Motors, LLC",0,0,0,0,02/09/1997,04/01/1997,,SUSPENSION,"LOWER BALL JOINT BROKE WHEN BACKING OUT OF DRIVEWAY,  CAUSING RIGHT FRONT END TO FALL ON THE GROUND.  HAD VEHICLE REPAIRED. DEALER DOES NOT KNOW WHY IT BROKE. STORE IS HOLDING BROKEN PART, HOPING TO HAVE AN INVESTIGATOR LOOK AT IT.   *AK",PONTIAC,GTO
10104735,Toyota Motor Corporation,0,0,0,0,12/12/2004,12/29/2004,4T1BF32K35U,"POWER TRAIN,EQUIPMENT","2005 TOYOTA CAMRY LE V6  GRADUALLY SPEED UP TO ABOUT 25 MPH. STOP SHORT (YOU DON'T HAVE TO LOCK THEM UP, BUT STOP QUICKLY) THEN ACCELERATE AGAIN.  WHEN I STOP SHORT, MY TRANSMISSION SHIFTS INTO NEUTRAL, AND IT TAKES ABOUT 3 SECONDS TO SHIFT BACK INTO FIRST. WHEN IT DOES, I GET QUITE A JOLT. BROUGHT CAR BACK TO DEALER,  THEY ARE SAYING IT IS NORMAL.  *NM",TOYOTA,CROWN
10106222,UNKNOWN MANUFACTURER,0,0,0,0,01/12/2005,01/12/2005,,"SEAT BELTS,EQUIPMENT",2003 TOYOTA COROLLA S - DRIVER SIDE SEAT BELT CANNOT LOCK. TOOK CAR TO TOYOTA DEALER FOR REPAIR. NEED TO ORDER PARTS - WILL TAKE APPROXIMATELY ONE WEEK TO COME IN TO REPLACE AND FIX.*AK,TOYOTA,CROWN
10110483,Toyota Motor Corporation,0,0,0,0,12/13/2004,02/13/2005,,EQUIPMENT,CANNOT SHIFT SELECTOR LEVER  OUT OF PARK POSITION.  LEXUS DEALER FAILED TO IDENTIFY AND CORRECT PROBLEM.  *JB,TOYOTA,CROWN
10112305,Toyota Motor Corporation,0,0,0,0,02/28/2005,02/28/2005,5TDZA22C15S,"SERVICE BRAKES, HYDRAULIC,EQUIPMENT","EVER SINCE THIS VEHICLE WAS BRAND NEW IT HAS CONTINUED TO EXHIBIT OCCASIONAL PROBLEM WITH BRAKE PEDAL BECOMING HARD, WITH LITTLE OR NO PLAY, NECESSITATING THE NEED TO PUSH VERY HARD ON THE BRAKE PEDAL TO AFFECT STOPPING. NORMALLY THE BRAKES ARE VERY GOOD. THERE DOES NOT APPEAR TO BE ANY PARTICULAR CAUSE FOR THIS I.E. PADS BEING WET, ROAD SALT, ETC. IT ONLY OCCURS OCCASIONALLY AND SEEMS TO GO AWAY AFTER DRIVING FOR 20-30 MILES. WHEN IT DOES OCCUR THOUGH IT IS DIFFICULT TO STOP.",TOYOTA,CROWN
10127402,Toyota Motor Corporation,1,0,1,0,07/04/2005,07/04/2005,4T1BE32K15U,"VEHICLE SPEED CONTROL,EQUIPMENT",WAS SITTING IN MY 2005 TOYOTA CAMRY XLE IN PARK IDLING WHEN I PLACED IT IN  DRIVE IT SURGED QUICKLY FORWARD AND HIT MY BRICK GARAGE WALL,TOYOTA,CROWN
10139758,Toyota Motor Corporation,0,0,0,0,05/01/2005,10/15/2005,5TDZA20U,"VISIBILITY,EQUIPMENT","DRIVER SIDE MIRROR SHAKES VIGOROUSLY DURING HIGH SPEED TRAVELING (65 MPH) MAKING UNSAFE FOR CHANGING LANES OR ESPECIALLY AT NIGHT, IT WILL DISTURBS THE DRIVER WITH BOUNCING LIGHTS.  *NM",TOYOTA,CROWN
10158925,Toyota Motor Corporation,0,0,0,0,05/26/2006,06/04/2006,3TMLU42N36M,"VEHICLE SPEED CONTROL,EQUIPMENT","SECOND OCCURRENCE:  MAY 26, 2006  MERGING ONTO MAIN HIGHWAY INTO ONCOMING TRAFFIC.  CRUISE CONTROL WAS NOT ON.  ACCELERATED AND GAS PEDAL STUCK.  TRUCK CONTINUED TO ACCELERATE, COULD NOT DISENGAGE PEDAL.  BRAKE PEDAL WAS ALSO LOCKED AND COULD NOT DEPRESS IT.  AFTER NUMEROUS TRIES, BRAKE PEDAL FINALLY ENGAGED AND GAS PEDAL DISENGAGED.    CALLED TOYOTA DEALER AGAIN AND THIS TIME THEY ARE REPLACING THE NON-FACTORY INSTALLED CRUISE CONTROL.  ONE WEEK PRIOR TO INCIDENT, THEY REPLACED COMPUTER SYSTEM, SOMETHING IN THE GAS PEDAL ITSELF AND THE CRUISE CONTROL COMPUTER.   *JB",TOYOTA,CROWN
10174832,Toyota Motor Corporation,0,0,0,0,08/10/2006,11/30/2006,JTKDE177250,"VISIBILITY,STRUCTURE,EQUIPMENT,UNKNOWN OR OTHER","PURCHASED MY VEHICLE IN MARCH 2005.  I HAVE HAD IT IN THE SHOP THREE (3) TIMES FOR THE MOON ROOF.  THE MOON ROOF RATTLES HORRIBLY AND THE DEALERSHIP AS TAKEN THE GLASS OUT AND REPLACED IT SAYING ""THAT TOYOTA HAS DONE ALL THAT THEY KNOW WHAT TO DO WITH THAT PARTICULAR SITUATION"".  I FIND THIS UNACCEPTABLE.  I HAVE ALSO HAD MY CAR IN THE SHOP FIVE (5) TIMES FOR THE BACK HATCH.  THE HATCH MAKES A HORRIBLE RATTLE WHEN JUST DRIVING ON REGULAR ROADS.  THIS PROBLEM IS STILL UNFIXED.  MY PAINT AS WITH THE NUMEROUS OTHER AMOUNTS OF COMPLAINTS IS CHIPPING AND BUBBLING UP.  IT HORRIFIES ME TO READ ALL OF THESE COMPLAINTS REGARDING THIS VEHICLE.  I CAN ONLY ANTICIPATE ON WHAT COULD HAPPEN NEXT.  *NM",TOYOTA,CROWN
10175143,Toyota Motor Corporation,0,0,0,0,12/04/2006,12/04/2006,,"EXTERIOR LIGHTING,EQUIPMENT",BLUE HEADLIGHTS NEED TO BE BANNED.  THESE LIGHTS ARE BLINDING.  ONE ARTICLE MENTIONED ROAD RAGE AND I CAN UNDERSTAND THAT.   THESE HIGH DOLLAR VEHICLES ARE BLINDING US FOLKS WITH THE ORDINARY CARS.   BEING BLINDED BY THE ONCOMING DRIVER DOES NOT SEEM TO BE VERY SAFE.  *NM,TOYOTA,CROWN
10199668,Toyota Motor Corporation,0,0,0,0,03/10/2007,08/15/2007,5TBET34135S,"SUSPENSION,EQUIPMENT ADAPTIVE/MOBILITY",MY 2005 TOYOTA TUNDRA WAS IN FOR SERVICE THE MECHANIC SAID THERE WAS A RECALL ON THIS TRUCK SO I AGREED TO LET TOYOTA  REPLACE MY BALL JOINTS (RECALL NO: 70B) AFTER THE REPLACEMENT WAS DONE THE VEHICLE STEERING BEGAN TO FADE TO THE LEFT AND THEN TO THE RIGHT I RETURNED TO THE DEALER AND HE SAID THAT IT NEEDED A FEW ADJUSTMENTS AFTER DRIVING IT AGAIN THE PROBLEM STILL EXISTED AFTER DRIVING THE TRUCK FOR A FEW MONTHS I FOUND THAT MY TIRES WERE WEARING DUE TO FEATHERING TO THE RIGHT AND LEFT ALSO THE VEHICLE BECAME HARD TO HOLD STRAIGHT IN LINE WHILE DRIVING WHEN I WOULD RUN OVER A SMALL DEPRESSION IN THE ROAD THE STEERING WOULD PULL ME IN TO ONCOMING TRAFFIC.  I DROVE THE TRUCK BACK TO THE DEALER 08/06/2007 THEY DID A SERIES OF TEST BUT NOTHING WORKED. FINAL WORDS YOU JUST HAVE TO LIVE WITH IT.  I CONTACTED TOYOTA CONSUMER COMPLAINT LINE AND LOW AND BEHOLD A RECORDING CAME ON ADDRESSING SYMPTOMS WITH THE TUNDRA THE DEAL IS I DID NOT HAVE THIS PROBLEM AS THEY DESCRIBED IT ON THE RECORDING UNTIL AFTER THEY REPLACED THE BALL JOINTS. *JB,TOYOTA,CROWN
10204341,Toyota Motor Corporation,0,0,0,0,12/28/2006,09/28/2007,JTHCH96S660,"VEHICLE SPEED CONTROL,EQUIPMENT","UNCONTROLLED ACCELERATION OF A 2006 LEXUS GS 300 OCCURRED DURING OVERTAKING OF ANOTHER VEHICLE ON A TWO LANE US HIGHWAY. CAR WAS TOWED TO A LEXUS DEALER (LEXUS OF FT. WAYNE INDIANA) WHERE IT WAS DETERMINED THAT THE DRIVER'S FLOOR MAT WAS JAMMED AGAINST THE ACCELERATOR PEDAL. THE DEALER STATED THAT THIS WAS THE ONLY CASE OF THIS TO THEIR KNOWLEDGE. AFTER SEEING THE NHTSA REPORT OF RECALL REGARDING DIFFERENT LEXUS VEHICLES WITH THE SAME PROBLEM I SUSPECT THAT NHTSA HAS NOT BEEN INFORMED OF THE POTENTIAL FOR THE PROBLEM TO BE MORE WIDESPREAD, POTENTIALLY REQUIRING A BROADER RECALL EFFORT. THE DATE OF THE INCIDENT (12/28/06) IS APPROXIMATE. I WOULD EXPECT THAT THE EXACT DATE IS AVAILABLE FROM THE DEALER. THE INFORMATION UNDER ""EQUIPMENT"" IS NOT ACCURATE AS THE CHOICES MAKE NO SENSE.  *TR",TOYOTA,CROWN
10206959,Toyota Motor Corporation,0,0,0,0,02/16/2007,10/26/2007,5TBRU34136S,"STRUCTURE,EQUIPMENT","I NOTICED POWER OUTLETS WERE LOOSE INFO DEALERSHIP, PANEL WAS LOOSE AS WELL, DEALERSHIP REPLACED A PIN AND FIX PWR OUTLETS.  THIS WAS IN FEB.. A MONTH LATER POWER OUTLET PANEL LOOSE AGAIN, DEALERSHIP REPLACED PIN, THIS HAS BEEN HAPPENING SO MANY TIMES NOW,  THIS TIME POWER OUTLET PANEL AS FELL TO THE FLOOR BOARD, I CAN'T BRAKE TO WELL OR ACCELERATE WITH A PANEL BY MY FEET. I HAVE USE THE POWER OUTLET TO RUN A DVD PLAYER AND CELL PHONE CHARGER, PANEL HAS NOT DROP AFTER PULLING THE CHARGER OUT, OF POWER OUTLETS.. JUST WHEN I'M DRIVEN DOWN THE ROAD IT FALLS, I HAVE HAD ANOTHER DEALERSHIP LOOK AT THEE PROBLEM  AND WAS INFO THAT THEE PANEL WAS BAD. I TOOK IT TO ANOTHER SHOP OTHER THAN TOYOTA ALSO GOT PANEL IS WORN AND VIBRATIONS IS MAKING THEE PANEL TO FALL...SO I ONLY KNOW I HAVE A PANEL LAYING ON MY FLOOR BOARD ITS HARD TO BRAKE OR TO ACCELERATE.  *TR",TOYOTA,CROWN
10207008,Toyota Motor Corporation,0,0,0,0,10/25/2007,10/26/2007,1TMBK35VX65,"TIRES,EQUIPMENT",AFTER MARKET METAL TIRE PRESSURE INDICATOR VALVE CAP (UNKNOWN MFG) FROZE ON ALL FOUR TOYOTA 2006 RAV4 TPMS VALVE STEMS DUE TO DISSIMILAR METAL CORROSION.  UNABLE TO CHECK TIRE PRESSURE OR REMOVE WITHOUT DAMAGING TOYOTA TPMS RESULTING IN $125 PER TIRE PLUS LABOR TO REPAIR FOR A TOTAL OF $680.  *TR,TOYOTA,CROWN
10216779,Toyota Motor Corporation,0,0,0,0,01/11/2008,02/02/2008,,"SERVICE BRAKES, HYDRAULIC,STRUCTURE,EQUIPMENT","I PURCHASED A 2007 TOYOTA CAMRY IN MARCH 2006.  THIS NEW VEHICLE HAD SEVERAL DEFECTS INCLUDING THE REPLACEMENT OF A DASH BY THE DEALER AFTER DELIVERY.      THE QUALITY OF THE BRAKE ROTORS ON THIS VEHICLE ARE UNSATISFACTORY.  I HAVE HAD THE ROTORS REPLACED FIVE TIMES.  THE VEHICLE HAS APPROX. 46,000 MILES.  I HAVE HAD TWO INDEPENDENT REPAIR SHOPS EVALUATE THE FACTORY ROTORS AND THEY BOTH COME TO THE SAME CONCLUSION, POOR QUALITY ROTORS.    IT'S NOT HOW THE VEHICLE IS BEING OPERATED SINCE WE ARE NOT CAUSING ANYTHING THAT WOULD CAUSE THESE ROTORS TO WARP THE WAY THEY DO.  WE DO NOT DRIVE OUR VEHICLES HARD, JUST TO CAUSE MORE MAINTENANCE EXPENSES.     TOYOTA HAS PAID FOR REPLACING THE ROTORS ONCE.  THEY HAVE ALSO CHARGED ME TWICE FOR THE SAME WORK AND I HAVE PAID TWICE TO ANOTHER AUTO SHOP.  I TRIED TO FILE A COMPLAINT THROUGH TOYOTA AND THAT WAS USELESS.    I WILL NEVER PURCHASE A TOYOTA VEHICLE AGAIN.  REAL SAD HOW THEY WERE  HANDLING MY COMPLAINT. *TR",TOYOTA,CROWN
10240021,Toyota Motor Corporation,0,0,0,0,08/24/2008,08/27/2008,4T1BE46K17U,"ELECTRICAL SYSTEM,EQUIPMENT",IT HAS BEEN NOTICED THAT THERE IS A BATTERY ISSUE WHICH ALLOWS FOR ACID TO SEEP ONTO THE BATTERY CABLES AND LEAVES ACID ON TOP OF BATTERY TERMINAL AND CABLES. I KNOW OF SEVERAL OTHER TOYOTA CAMRY OWNERS THAT HAVE THIS EXACT SAME PROBLEM THAT AFFECTS THEIR VEHICLE.    THIS ACID IS CORROSIVE AND HAS LEAD TO DAMAGED COMPONENTS IN THE ENGINE COMPARTMENT.  *TR,TOYOTA,CROWN
10245598,Toyota Motor Corporation,0,0,0,0,10/13/2008,10/15/2008,JTLKT334264,"VISIBILITY,EQUIPMENT",L SHAPED CRACK ON WINDSHIELD OF MY 2006 SCION XB. HAD THE WINDSHIELD REPLACED AND ONE WEEK LATER THE NEW WINDSHIELD CRACKED IN THE SAME PLACE WITH THE SAME SHAPE. IT ALSO HAPPENED OVERNIGHT WHEN NOT DRIVEN. *TR,TOYOTA,CROWN
10251059,Toyota Motor Corporation,1,0,0,0,11/28/2008,12/08/2008,JTDKB20U483,"STEERING,EQUIPMENT","AFTER HAVING DRIVEN MY PRIUS NEARLY 15,000 MILES IN ALL TYPES OF WEATHER (EXCEPT SNOW) AND ON RESIDENTIAL ROADS AS WELL AS INTERSTATE HIGHWAYS WITH NO STEERING PROBLEMS, ON A SINGLE DAY ON RESIDENTIAL STREETS AT 20 TO 25 MPH AND GENTLE RAIN, IT HYDROPLANED TWICE WITH DAMAGES EACH TIME TO THE CAR AND TO A FIRE HYDRANT ONCE. EACH EVENT WAS WHILE GOING AROUND A GENTLE LEFT CURVE AT REASONABLE SPEED. THE FIRST TIME, I WAS ABLE TO CORRECT AND SPIN OUT 360 DEGREES WITH THE LEFT QUARTER-PANEL HITTING A ROADSIDE GARBAGE CONTAINER. THE SECOND TIME, THE CAR DID NOT RESPOND TO ANY STEERING MANEUVERS NOR THE BRAKES WHEN APPLIED. THE CAR STOPPED ONLY AFTER COLLIDING WITH THE FIRE HYDRANT. SIGNIFICANT DAMAGE WAS SUSTAINED IN EACH COLLISION. I HAVE TRAVELED THIS STREET SEVERAL TIMES DAILY, OFTEN ON RAINY DAYS, AND NEVER BEFORE HAD ANY STEERING PROBLEMS. IT WAS AS THOUGH SOMETHING HAD CHANGED IN THE STEERING CONTROL ON THIS DAY. I WAS SOBER AND UNIMPAIRED. *TR",TOYOTA,CROWN
10254279,Toyota Motor Corporation,0,0,0,0,12/02/2008,01/08/2009,,"EXTERIOR LIGHTING,EQUIPMENT","IN THE LAST MONTH THE HEADLIGHT ON MY 2007 TOURING PRIUS HAVE HAD INTERMITTENT OUTAGES. ONE HEADLAMP OR THE OTHER MIGHT FAIL TO COME ON, OR STOP WORKING WHILE DRIVING. EVERY SO OFTEN, BOTH HEADLIGHT STOP WORKING WHILE DRIVING. AND ONCE, IN THE FOG, WHEN I TURNED ON MY  FOGLIGHTS, THE HEADLIGHTS TURNED OFF. IF I TURN THE HEADLIGHTS OFF, AND BACK ON, BOTH LAMPS MIGHT WORK, OR ONE OR THE OTHER REMAIN OFF... THAT THIS CAN HAPPEN WHILE DRIVING IS A SAFETY ISSUE.  TOYOTA SERVICE OFFERED TO CHANGE THE FAILED HEADLAMP AT $400, BUT SINCE I COULD NOT IDENTIFY A PARTICULAR LAMP, WOULD DO BUT AT DOUBLE THE COST, BUT COULD NOT GUARANTEE THAT  WOULD FIX IT. AND FROM THE INFORMATION ON VARIOUS PRIUS FORUMS, CHANGING THE BULBS OUT WILL NOT SOLVE THIS ISSUE. *TR",TOYOTA,CROWN
10278380,UNKNOWN MANUFACTURER,0,0,0,0,05/01/2009,07/27/2009,,"SERVICE BRAKES, HYDRAULIC,STRUCTURE,EQUIPMENT","SAFETY ISSUE. WATER FOUND IN TOYOTA ATF TYPE T4.    I WANT TO REPORT THE FOLLOWING. OUR COMPANY HAS RECENTLY BOUGHT SEVERAL DRUMS OF TOYOTA ATF TYPE T4, PART NUMBER 00279-DRMT4 FROM A TOYOTA DEALER, THE DRUMS WERE DELIVERED IN THE PERIOD APRIL - MAY THIS YEAR, 2009.    IN TWO OF THOSE DRUMS OUR CUSTOMERS HAVE FOUND WATER TRAITS. THE FLUID HAD SOME PRECIPITATION. ALSO THE FLUID HAD AN UNUSUAL COLOR FOR TOYOTA ATF TYPE T4. WE'VE SENT THE OIL FOR INSPECTION AND CHEMICAL ANALYSIS TO AN INDEPENDENT THIRD PARTY LAB.    I UNDERSTAND THIS CAN DAMAGE TRANSMISSION WHICH IS VITAL FOR SAFE DRIVING AND CAN CAUSE ACCIDENTS FOR THOSE WHO ARE ALREADY ON THE ROAD AT THE MOMENT.     WE WANT TO SEE THAT ALL NECESSARY MEASURES INCLUDING RECALLS FOR ATF OIL CHANGE HAVE BEEN TAKEN - AS SOON AS POSSIBLE TO PREVENT DEATH AND INJURES OF THOSE WHO HAVE RECENTLY HAD THEIR TOYOTA ATF OIL CHANGED. WE ALSO WANT FROM TOYOTA TO REPLACE OR REIMBURSE THOSE DRUMS WE'VE FOUND PROBLEMS WITH. *TR",TOYOTA,CROWN
10284239,Toyota Motor Corporation,0,0,0,0,09/16/2009,09/16/2009,JTKDE177150,"STRUCTURE,LATCHES/LOCKS/LINKAGES,EQUIPMENT","I HAVE A 2005 SCION TC THAT I PURCHASE BRAND NEW FROM THE FACTORY. RECENTLY I HAD MY HANDLE LATCH BROKEN FROM NORMAL USE. I LIFTED IT LIKE YOU WOULD NORMALLY DO AND IT JUST SNAPPED (BROKE). I THEN REALIZED THAT IT WAS FRAMED OR MADE WITH THIN PLASTIC THAT WOULDN'T LAST LONG ON THE CAR ITSELF BECAUSE IF YOU APPLY NORMAL PRESSURE BY OPENING IT, THE HANDLE IS NOT MADE TO HANDLE SUCH PRESSURE BY THE WEIGHT OF THE TRUCK AND GLASS. IT'S A HATCH BACK. I NOTICE NUMEROUS COMPLAINTS FROM OTHER SCION TC OWNERS ON SEVERAL BLOGS AND WEBSITES. I HAVE NOT ATTEMPTED TO FIX IT BECAUSE I'M LOOKING AT PARTS ALONE $180 WITHOUT LABOR. I WAS WONDERING IF THERE'S ANYTHING I COULD DO BESIDES FILING A COMPLAINT. THANK YOU. *TR",TOYOTA,CROWN
10292183,Toyota Motor Corporation,0,0,0,0,03/14/2009,11/14/2009,4T1BK46K99U,"POWER TRAIN,EQUIPMENT,EQUIPMENT ADAPTIVE/MOBILITY","IN SAN DIEGO EARLIER THIS YEAR, AT NIGHT, TO ENTER HEAVY AST MOVING TRAFFIC FROM ON RAMP FLOORED GAS PEDAL IN 2009 TOYOTA CAMRY WITH NEW HEAVY DUTY FLOOR MATS, AND HAD MAX RUNAWAY ACCELERATION.  WAS ABLE TO STOP WITH HEAVY BRAKE PRESSURE, HITTING STOP ENGINE BUTTON DIDN'T WORK.  CHECKED EVERYTHING I COULD AND TRIED AGAIN, SAME RESPONSE, CALLED 911 AND GOT TOW TRUCK ON THE WAY.  FINALLY FIGURED OUT FLOOR MAT HAD CAUGHT GAS PEDAL AND WAS HOLDING IT DOWN.  PULLED FLOOR MAT BACK INTO PLACE, AND THEN NO PROBLEM.  TOLD 911 AS I RECALL TO FORGET THE TOW TRUCK.  GOT UP TO 40- 50 OR SO MPH.  HAVEN'T REPORTED THIS TO TOYOTA YET. *TR",TOYOTA,CROWN
10306422,UNKNOWN MANUFACTURER,0,0,0,0,02/28/2009,02/05/2010,,"VEHICLE SPEED CONTROL,EQUIPMENT","CRUISE CONTROL DOES NOT ALLOW SET.  WHEN IT DOES ENGAGE TAPPING THE BRAKES IT WILL NOT DISENGAGE - NEED TO BARE DOWN ON THE BRAKES HARD AND EVEN AT THAT, IT HESITATES AND VERY SLOW FOR THE SPEED TO GO DOWN. NOTICED THIS PROBLEM SHORTLY AFTER PURCHASE. TWO FIXES HAVE BEEN ATTEMPTED ONE WAS REPLACING SWITCH AND CABLE FOR CRUISE CONTROL AND SECOND FIX WAS REPLACEMENT OF BRAKE SWITCH. NEITHER HAS WORKED. OCCURRENCE IS INTERMITTENT BUT ONGOING. *TR",TOYOTA,CROWN
10311677,UNKNOWN MANUFACTURER,0,0,0,0,02/02/2010,02/18/2010,,"EQUIPMENT,UNKNOWN OR OTHER","MY COMPLAINT IS ABOUT THE NHTSA AND THE CONSTANT BERATEMENT OF TOYOTA. YOU HAVE NEVER RAISED THIS MUCH STINK OVER A DOMESTIC MANF. IT IS CLEAR TO THE GENERAL PUBLIC THAT THIS WHOLE DEAL IS POLITICAL TO TRY AND DRIVE CUSTOMERS TO GM, CHRYSLER & FORD. SINCE GM & CHRYSLER IS PROPPED UP BY THE GOVERNMENT WITH THE TAX PAYERS MONIES. THE AMERICAN PEOPLE ARE NOT THE FOOLS YOU THINK THEY ARE. I WOULD SUGGEST THAT YOU WAKE UP & LISTEN TO THE PEOPLE,   IT IS NO SECRET THAT ALL THIS IS COMING FROM THE WHITE HOUSE.  WAKE-UP ! *TR",TOYOTA,CROWN
10315943,Toyota Motor Corporation,1,0,0,0,02/25/2010,03/02/2010,4T4BE46K79R,"VEHICLE SPEED CONTROL,EQUIPMENT",TOYOTA CAMRY POST RECALL FIX - ISSUES   1. TOYOTA CAMRY CAR SUDDENLY ACCELERATED AND BRAKES DID NOT WORK. CAR ENDED   UP IN A DITCH AND NEEDED TO BE TOWED  2. TOYOTA CAMRY RECALL FIX WAS DONE 2 DAYS BEFORE THE INCIDENT. A METAL SHIN WAS INSERTED INTO ACCELERATOR ASSEMBLY PEDAL ALONG WITH CAR SOFTWARE (BREAK OVERRIDES ACCELERATOR).       REALLY BAD CUSTOMER EXPERIENCE  - NO QUICK RESPONSE TO THE ISSUE  - HAVE ROADSIDE ASSISTANCE BUT WAS DENIED ANY TOWING CHARGER AT THE DEALERSHIP  - NOBODY CALLED ME FOR 2 DAYS TO LET ME KNOW STATUS OF THE CAR  - LOST MY KEYS AND KEPT ME WAITING. *TR,TOYOTA,CROWN
10316881,Toyota Motor Corporation,1,0,0,0,02/17/2010,03/04/2010,4T1BK36B25U,"VEHICLE SPEED CONTROL,EQUIPMENT ADAPTIVE/MOBILITY","ON FEB. 11, 2010 I TOOK MY TOYOTA AVALON IN FOR THE ACCELERATOR RECALL. ON FEB. 17, 2010 I WAS PULLING INTO A PARKING SPACE ON THE GROUNDS OF THE ELEMENTARY SCHOOL I WORKED AT THAT DAY WHEN MY CAR ACCELERATED. IT JUMPED THE CURB SIDESWIPING MY CAR WITH A CAR THAT WAS PARKED ON MY RIGHT. AFTER IT HIT THE GROUND FROM JUMPING THE CURB IT ACCELERATED AGAIN HEADING STRAIGHT TOWARD THE SCHOOL BUILDING. I PUT TWO FEET ON THE BRAKE AND PRESSED AS HARD AS I COULD. THE CAR DID STOP. THE CAR WAS TOWED BY AAA TO A TOYOTA DEALER IN FORT SMITH, AR (WHERE THE ACCIDENT OCCURRED). I BOUGHT THE CAR AT MOLLE TOYOTA IN KC, MO WHERE I LIVE (OVERLAND PARK, KS). THE INSURANCE ADJUSTOR CAME THAT DAY TO CHECK THE DAMAGE. HE SAID AN INVESTIGATOR WOULD BE OUT TO CHECK IT THE ""CAUSE OF IMPACT"". AS OF NOW, THAT HAS NOT HAPPENED. MY INSURANCE COMPANY KEEPS TELLING ME TO TAKE THE CAR BACK TO KC FOR REPAIRS AND I TOLD THEM I WILL NOT DRIVE AN UNSAFE CAR. I WILL NOT TOUCH THE CAR UNTIL SOMEONE INVESTIGATES THE REASON FOR THE ACCELERATION. I HAVE CALLED MY DEALER, WHO HAS BEEN WONDERFUL; TOYOTA CORPORATE WHO HAS BEEN HORRIBLE (THE FIRST THING ""BARBARA"" SAID TO ME WAS ""WELL, WHAT DO YOU WANT ME TO DO ABOUT IT?"") SHE RELUCTANTLY SAID SHE WOULD CHECK IT OUT. SHE CALLED THE TOYOTA DEALER IN FORT SMITH AND TOLD HIM THAT TOYOTA INSPECTORS WOULD BE OUT WITHIN 10 DAYS BUT DIDN'T KNOW WHEN. I CALLED THE HIGHWAY TRANSPORTATION SAFETY DEPT. WHO SAID THEY DIDN'T DEAL WITH THAT AND TO CALL MY KS ATTORNEY GENERAL. I CALLED THE ATTORNEY GENERAL WHO TOLD ME TO EMAIL THIS ADDRESS. SO . . . STATUS: MY CAR IS STILL IN FORT SMITH, AR ON A TOYOTA LOT AND NOBODY WILL TAKE RESPONSIBILITY FOR WHAT HAPPENED OR HELP ME WITH MY NEXT STEPS. I DON'T THINK ANYONE BELIEVED THAT THE CAR ACCELERATED AFTER THE RECALL FIX. FINALLY, IT APPEARS THAT OTHERS AROUND THE COUNTRY ARE HAVING THE SAME ISSUE. I HAVE AN UNSAFE VEHICLE THAT I WILL NOT DRIVE AND DON'T KNOW WHAT TO DO NEXT. THANK YOU. *TR",TOYOTA,CROWN
10326594,Toyota Motor Corporation,0,0,0,0,04/18/2010,04/20/2010,4T1BK36B17U,"SERVICE BRAKES, ELECTRIC,EQUIPMENT","MY CAR IS A 2007 AVALON TOYOTA AND WHEN I FIRST PURCHASED IT I HAD PROBLEMS WITH THE CAR ACCELERATING, BROUGHT IT INTO THE DEALER AND NO PROBLEM WAS EVER FOUND.  THIS HAPPENED A MINIMUM OF 3 TIMES.  THEN THE CAR SEEMED TO BE OK, AND IT HAPPENED AGAIN ABOUT 1 YEAR AGO.  I DID NOT BRING IT TO THE DEALER.  THE CAR HAS BEEN RUNNING FINE, BUT I HAVE BEEN WATCHFUL OF IT.  AND IWAS TOLD JUST TO PUT IT IN NEUTRAL AND TURN OFF THE MOTOR.  BUT IT DID NOT HAPPEN AGAIN.  WHILE IN FLORIDA THIS PAST WINTER I DID HAVE MY CAR SERVICED FOR ALL 3 RECALLS WITH MUCH HESITATION SINCE, AS I SAID, THE CAR SEEMED TO BE OK.  IT HAS BEEN APPROX. 3 WEEKS SINCE I HAD ALL THE RECALL WORK DONE AND WHILE DRIVING HOME FROM FLA. I WENT INTO A GAS STATION TO PUT AIR IN MY TIRES AND THEN ALL [XXX] BROKE LOOSE.  I WAS DRIVING SLOW LOOKING FOR THE AIR PUMP AND THE CARWENT CRAZY ACCELERATING.  I YELLED, PUT MY FOOT ON THE BRAKES AND TURNED OFF THE MOTOR.  IT HAD NOTHING TO DO WITH THE FLOOR MAT, PEDAL ETC.  NOTHING WAS NOTICEABLE STUCK.  I LOVE THIS CAR, BUT THERE IS A DEVIL INSIDE THE MOTOR.  SINCE THE RECALL DID NOT TAKE CARE OF THE PROBLEM WHAT SHOULD I DO?    INFORMATION REDACTED PURSUANT TO THE FREEDOM OF INFORMATION ACT (FOIA), 5 U.S.C. 552(B)(6). *TR",TOYOTA,CROWN
10333835,Toyota Motor Corporation,0,0,0,0,05/23/2010,05/29/2010,,"EXTERIOR LIGHTING,EQUIPMENT","THE HID HEADLIGHTS ON MY 2005 TOYOTA PRIUS WENT OUT SEVERAL NIGHTS AGO.  THE CAR WAS TAKEN TO TOYOTA, AND THIS PROBLEM IS COMMON ON THE 2004-2008 PRIUS, WHICH A SIMPLE GOOGLE SEARCH PROVED.  THESE TYPE OF BULBS OVERHEAT (SINCE THEY'RE HALOGEN).  NEVERTHELESS, THEY CHARGED $1150 FOR TWO HEADLIGHTS WHICH CANNOT BE BOUGHT ANYWHERE EXCEPT THE TOYOTA DEALERSHIP.  THEY WERE ONLY 2 YEARS OLD.  WHEN I CALLED TOYOTA, THE PERSON I TALKED TO UNDERSTOOD, SAYING IT HAD HAPPENED TO HIM TOO, BUT THERE WAS NOTHING HE COULD DO SINCE THE CAR HAD OVER 136,000 MILES ON IT.  APPARENTLY TOYOTA ONLY WARRANTIES ITS PARTS FOR ONE YEAR.  SHAMEFUL. *TR",TOYOTA,CROWN
10343595,Toyota Motor Corporation,0,0,0,0,07/08/2010,07/16/2010,5TDZA23C05S,"STRUCTURE,EQUIPMENT","THE DRIVER'S SIDE DOOR IS FALLING OFF OF MY 2005 TOYOTA SIENNA MINIVAN. TOYOTA ISSUED A SERVICE BULLETIN RECALL FOR THIS DEFECT IN 2005. THE PROBLEM 1ST APPEARED IN MY CAR IN MARCH 2007. THE FOLSOM LAKE TOYOTA DEALER REPAIRED MY VEHICLE BY SENDING IT OUT TO A WELDING COMPANY TO BE REPAIRED. I WAS PROVIDED WITH A RENTAL CAR AT NO CHARGE BY TOYOTA. THE DESCRIPTION OF THE DEFECT, AS STATED ON THE REPAIR SLIP IS AS FOLLOWS: ""...FOUND DOOR DEFORMED AND WELD BROKEN INSIDE DOOR , 23 REPLACED DRIVERS DOOR CHECK, SUBLET TO BODY SHOP FOR REPAIR OF DOOR.""  I HAVE A COPY OF THIS ORIGINAL REPAIR FORM. THE 2ND TIME THIS DEFECT RE-APPEARED WAS ON JULY 8, 2010. I IMMEDIATELY REPORTED THE PROBLEM TO TOYOTA CORPORATE, WAS ASSIGNED CASE # 1007081422 AND WAS ADVISED BY THE TOYOTA CORPORATE REPRESENTATIVE THAT THE TOYOTA OF RICHMOND, INDIANA DEALER WOULD BE CALLING ME WITHIN 3 DAYS TO MAKE AN APPOINTMENT TO BRING MY CAR IN AND RECEIVE A FREE RENTAL UNTIL MY CAR'S DEFORMITIES WERE FIXED. THE DEALER FAILED TO RESPOND WITHIN 3 DAYS, AND I CALLED CORPORATE AGAIN ON 7-14-10 AND SPOKE WITH CATHERINE. SHE SENT ANOTHER REQUEST TO TOYOTA OF RICHMOND AND SAID THAT I WOULD HEAR FROM THE DEALER WITHIN 24 HRS. AGAIN, TOYOTA OF RICHMOND FAILED TO CONTACT ME. I CALLED TOYOTA CORPORATE MOMENTS AGO (7-16-10), AND JESSIE SAID THEY HAVE NO CONTROL OVER THEIR DEALERS FIXING TOYOTA DEFECTS AND THAT I SHOULD TRY TO CONTACT THEM MYSELF. TOYOTA HAS A LEGAL AND ETHICAL RESPONSIBILITY TO FIX THEIR KNOWN DEFECTIVE PROBLEMS. AFTER ALL OF THESE FAILED ATTEMPTS TO GET RICHMOND TOYOTA TO CONTACT ME TO INITIATE  THE REPAIR PROCESS, TOYOTA SHOULD BE FINED AND/OR TOYOTA SHOULD BE PROHIBITED FROM SELLING IN THE US MARKETPLACE. THE DRIVER SIDE DOOR IS CLEARLY FALLING OFF AND WILL CAUSE INJURIES WHEN THIS HAPPENS. *TR",TOYOTA,CROWN
10344988,Toyota Motor Corporation,0,0,0,0,08/01/2009,07/23/2010,JTDKB20U463,"EXTERIOR LIGHTING,EQUIPMENT","2006 TOYOTA PRIUS HID HEADLIGHTS STOPS WORKING (TURNS OFF) WILL DRIVING.  STARTED OUT WITH THE RIGHT SIDE (PASSENGER SIDE). NOW BOTH SIDES OF THE CARS WILL TURN OFF RANDOMLY. PROBLEM IS AT NIGHT, YOU MUST TURN OFF & ON HEADLIGHT SWITCH FOR THE HID HEADLIGHTS TO COME BACK ON. THIS HAS BEEN AN ON GOING PROBLEM, HAVE REPLACED THE HID HEADLIGHTS BULBS TWICE AND THE ECU HEADLIGHT COMPUTER AND THE PROBLEM STILL PERSIST. *TR",TOYOTA,CROWN
10369009,Toyota Motor Corporation,0,0,0,0,08/22/2008,12/02/2010,5TBDV54177S,"POWER TRAIN,LATCHES/LOCKS/LINKAGES,TIRES,EQUIPMENT","I BOUGHT MY 2007 TUNDRA 6/30/2007 RAN GREAT UNTIL AROUND 18,500 MI. AT THAT TIME THE TRANSMISSION STARTED MAKING A BANGING NOISE WHICH IT FELT LIKE THE 05 4 RUNNER. THE 4 RUNNER STILL DOES IT BUT IT RUNS AND DRIVES FINE.  THE TUNDRA IS GETTING REALLY BAD AS IT IS GRINDING AND  BANGING. I HAVE BEEN IN CONTACT WITH TOYOTA FROM MY AREA AND THEY KEEP SAYING I HAVE TO BRING IT IN TO HAVE IT CHECKED. I HAVE HAD SEVERAL APPOINTMENTS AND THEY USUALLY CALL AND CANCEL THE APPOINTMENT. I CONTACTED DIFFERENT CORPORATE EXC'S AND ONE FROM CALIFORNIA CALLED AND MADE AN APP. AND I WAS THERE FOR IT. I WAITED FOR 1 1/2 HOURS AND THE REP DIDN'T SHOW. I AM NOW GOING TO SEND MR.AKIO TOYODA, PRESIDENT OF TOYOTA A CERTIFIED LETTER. HIS ADDRESS ISCORPORATE HEADQUARTERS*  1 TOYOTA-CHO  TOYOTA CITY, AICHI 471-8571   JAPAN   PHONE: 81 5 6528 2121  FAX: 81 5 6523 5800     I HOPE EVERYONE THAT HAS A PROBLEM WILL SEND A CERTIFIED LETTER TO HIM AND LET HIM KNOW HOW EMBARRASSED THE TOYOTA CO. SHOULD BE FOR THE WAY THEY ARE HANDLING THE PROBLEMS. I FOR ONE WILL GO BACK TO GM AS THEY WILL HALF TRY TO HELP. *TR",TOYOTA,CROWN
10397024,UNKNOWN MANUFACTURER,0,0,0,0,04/16/2011,04/21/2011,,EQUIPMENT,"DISTRACTED DRIVING IS GOING MORE HI-TECH WITH THE ANNOUNCEMENT OF A JOINT VENTURE BY TOYOTA AND MICROSOFT TO BRING THE INTERNET TO THE DASHBOARD.   (SEE: HTTP://BLOGS.CARS.COM/KICKINGTIRES/CAR_GADGETS/ )    TO ME, THIS IS EXTREMELY DANGEROUS DISTRACTION TO DRIVERS WHO NEED TO BE PAYING ATTENTION TO THE ROAD. THERE ARE REQUIREMENTS THAT IN-CAR ENTERTAINMENT SYSTEMS MUST BE BEHIND THE DRIVERS AND OUT OF THEIR SIGHT. PUTTING AN IN-DASH DATA CENTER IN VIEW OF, OR WORSE, FOR USE BY THE DRIVER EXACERBATES THE GROWING SAFETY PROBLEM OF DISTRACTED DRIVING.     I RECOMMEND THAT THE NATIONAL HIGHWAY TRAFFIC SAFETY ADMINISTRATION OR CONSUMER PRODUCT SAFETY COMMISSION INTERCEPT AND PREVENT THESE PRODUCTS, OR REQUIRE THEM TO BE BEHIND THE DRIVER OR, AT LEAST, REQUIRE AN INTERLOCK SO THAT THEY CAN ONLY BE VIEWED WHEN THE TRANSMISSION IS IN ""PARK"" AND NOT WHILE THE CAR IS IN MOTION.  *TR",TOYOTA,CROWN
10432207,UNKNOWN MANUFACTURER,0,0,0,0,10/14/2006,10/20/2011,,"SERVICE BRAKES, HYDRAULIC,EQUIPMENT",BRAKE CALIPERS FAIL EVERY 45K UNDER NORMAL DRIVING.  *TR,TOYOTA,CROWN
10438566,Toyota Motor Corporation,0,0,0,0,08/01/2011,12/05/2011,,"STRUCTURE,EQUIPMENT",TOYOTA 2008 PRIUS TRUNK HATCH RELEASE RUBBER PIECE MELTED. 2008 MODEL WAS ONLY 2.5 YEARS OLD WHEN THIS HAPPENED. DEALER SAYS $197.00 FOR THIS PART.  *TR,TOYOTA,CROWN
