VehicleId,ModelYear,Make,Model,VehicleDescription,VehiclePicture,OverallRating,OverallFrontCrashRating,FrontCrashDriversideRating,FrontCrashPassengersideRating,OverallSideCrashRating,SideCrashDriversideRating,SideCrashPassengersideRating,CombinedSideBarrierAndPoleRatingFront,CombinedSideBarrierAndPoleRatingRear,SideBarrierRatingOverall,RolloverRating,RolloverRating2,RolloverPossibility,RolloverPossibility2,DynamicTipResult,SidePoleCrashRating,NHTSAElectronicStabilityControl,NHTSAForwardCollisionWarning,NHTSALaneDepartureWarning,ComplaintsCount,RecallsCount,InvestigationCount,ImagePath
2224,2007,ACURA,MDX,2007 Acura MDX 4-DR. w/SAB,,Not Rated,Not Rated,5,5,Not Rated,5,5,Not Rated,Not Rated,Not Rated,4,Not Rated,0.14,0,No Tip,Not Rated,Standard,No,No,98,1,0,2007/ACURA/MDX/2007 Acura MDX 4-DR. w_SAB.png
2225,2007,ACURA,RDX,2007 Acura RDX 4-DR. w/SAB,,Not Rated,Not Rated,5,5,Not Rated,5,5,Not Rated,Not Rated,Not Rated,4,Not Rated,0.155,0,No Tip,Not Rated,Standard,No,No,53,3,0,2007/ACURA/RDX/2007 Acura RDX 4-DR. w_SAB.png
2141,2007,ACURA,RL,2007 Acura RL 4-DR. w/SAB,,Not Rated,Not Rated,5,5,Not Rated,5,5,Not Rated,Not Rated,Not Rated,5,Not Rated,0.097,0,No Tip,Not Rated,Standard,No,No,18,7,0,2007/ACURA/RL/2007 Acura RL 4-DR. w_SAB.png
2140,2007,ACURA,TL,2007 Acura TL 4-DR. w/SAB,,Not Rated,Not Rated,5,5,Not Rated,4,5,Not Rated,Not Rated,Not Rated,Not Rated,4,0,0.103, ,Not Rated,Standard,No,No,124,4,0,2007/ACURA/TL/2007 Acura TL 4-DR. w_SAB.png
2142,2007,ACURA,TSX,2007 Acura TSX  4-DR. w/SAB,,Not Rated,Not Rated,5,5,Not Rated,5,4,Not Rated,Not Rated,Not Rated,Not Rated,4,0,0.118, ,Not Rated,Standard,No,No,22,3,0,2007/ACURA/TSX/2007 Acura TSX  4-DR. w_SAB.png
2290,2007,AUDI,A3,2007 Audi A3 4-DR. w/SAB,,Not Rated,Not Rated,Not Rated,Not Rated,Not Rated,Not Rated,Not Rated,Not Rated,Not Rated,Not Rated,Not Rated,Not Rated,0,0, ,Not Rated,Standard,No,No,52,3,0,2007/AUDI/A3/2007 Audi A3 4-DR. w_SAB.png
2120,2007,AUDI,A4/S4,2007 Audi A4/S4 4-DR. w/SAB,,Not Rated,Not Rated,4,4,Not Rated,5,4,Not Rated,Not Rated,Not Rated,4,4,0.107,0.107,No Tip,Not Rated,Standard,No,No,231,5,0,2007/AUDI/A4/S4/2007 Audi A4_S4 4-DR. w_SAB.png
2121,2007,AUDI,A4/S4 AVANT,2007 Audi A4/S4 Avant Wagon 4-DR. w/SAB,,Not Rated,Not Rated,4,4,Not Rated,5,4,Not Rated,Not Rated,Not Rated,4,Not Rated,0.107,0,No Tip,Not Rated,Standard,No,No,208,3,0,2007/AUDI/A4/S4 AVANT/2007 Audi A4_S4 Avant Wagon 4-DR. w_SAB.png
2291,2007,AUDI,A4/S4 CABRIOLET,2007 Audi A4/S4 Cabriolet  w/SAB,,Not Rated,Not Rated,Not Rated,Not Rated,Not Rated,Not Rated,Not Rated,Not Rated,Not Rated,Not Rated,Not Rated,Not Rated,0,0, ,Not Rated,Standard,No,No,231,5,0,2007/AUDI/A4/S4 CABRIOLET/2007 Audi A4_S4 Cabriolet  w_SAB.png
2293,2007,AUDI,A6 AVANT,2007 Audi A6 Avant Wagon w/SAB,,Not Rated,Not Rated,Not Rated,Not Rated,Not Rated,Not Rated,Not Rated,Not Rated,Not Rated,Not Rated,Not Rated,Not Rated,0,0, ,Not Rated,Standard,No,No,53,4,0,2007/AUDI/A6 AVANT/2007 Audi A6 Avant Wagon w_SAB.png
2292,2007,AUDI,A6/S6,2007 Audi A6/S6 4-DR w/SAB,,Not Rated,Not Rated,Not Rated,Not Rated,Not Rated,Not Rated,Not Rated,Not Rated,Not Rated,Not Rated,Not Rated,Not Rated,0,0, ,Not Rated,Standard,No,No,54,4,0,2007/AUDI/A6/S6/2007 Audi A6_S6 4-DR w_SAB.png
2294,2007,AUDI,A8,2007 Audi A8 4-DR. w/SAB,,Not Rated,Not Rated,Not Rated,Not Rated,Not Rated,Not Rated,Not Rated,Not Rated,Not Rated,Not Rated,Not Rated,Not Rated,0,0, ,Not Rated,Standard,No,No,4,2,0,2007/AUDI/A8/2007 Audi A8 4-DR. w_SAB.png
2295,2007,AUDI,Q7,2007 Audi Q7 4-DR. w/SAB,,Not Rated,Not Rated,5,5,Not Rated,5,5,Not Rated,Not Rated,Not Rated,4,Not Rated,0.185,0,No Tip,Not Rated,Standard,No,No,94,3,0,2007/AUDI/Q7/2007 Audi Q7 4-DR. w_SAB.png
2303,2007,BENTLEY,ARNAGE RL,2007 Bentley Arnage RL 4-DR w/SAB,,Not Rated,Not Rated,Not Rated,Not Rated,Not Rated,Not Rated,Not Rated,Not Rated,Not Rated,Not Rated,Not Rated,Not Rated,0,0, ,Not Rated,Standard,No,No,0,1,0,2007/BENTLEY/ARNAGE RL/2007 Bentley Arnage RL 4-DR w_SAB.png
2302,2007,BENTLEY,ARNAGE T/R,2007 Bentley Arnage T/R 4-DR w/SAB,,Not Rated,Not Rated,Not Rated,Not Rated,Not Rated,Not Rated,Not Rated,Not Rated,Not Rated,Not Rated,Not Rated,Not Rated,0,0, ,Not Rated,Standard,No,No,0,1,0,2007/BENTLEY/ARNAGE T/R/2007 Bentley Arnage T_R 4-DR w_SAB.png
2300,2007,BENTLEY,CONTINENTAL FLYING SPUR,2007 Bentley Continental Flying Spur 4-DR w/SAB,,Not Rated,Not Rated,Not Rated,Not Rated,Not Rated,Not Rated,Not Rated,Not Rated,Not Rated,Not Rated,Not Rated,Not Rated,0,0, ,Not Rated,Standard,No,No,3,3,0,2007/BENTLEY/CONTINENTAL FLYING SPUR/2007 Bentley Continental Flying Spur 4-DR w_SAB.png
2299,2007,BENTLEY,CONTINENTAL GT,2007 Bentley Continental GT 2-DR w/SAB,,Not Rated,Not Rated,Not Rated,Not Rated,Not Rated,Not Rated,Not Rated,Not Rated,Not Rated,Not Rated,Not Rated,Not Rated,0,0, ,Not Rated,Standard,No,No,2,2,0,2007/BENTLEY/CONTINENTAL GT/2007 Bentley Continental GT 2-DR w_SAB.png
2301,2007,BENTLEY,CONTINENTAL GTC,2007 Bentley Continental GTC Convertible w/SAB,,Not Rated,Not Rated,Not Rated,Not Rated,Not Rated,Not Rated,Not Rated,Not Rated,Not Rated,Not Rated,Not Rated,Not Rated,0,0, ,Not Rated,Standard,No,No,0,2,0,2007/BENTLEY/CONTINENTAL GTC/2007 Bentley Continental GTC Convertible w_SAB.png
2165,2007,BMW,3 SERIES,2007 BMW 3 Series 4-DR. w/SAB,,Not Rated,Not Rated,4,4,Not Rated,5,5,Not Rated,Not Rated,Not Rated,Not Rated,4,0,0.103, ,Not Rated,Standard,No,No,1036,9,2,2007/BMW/3 SERIES/2007 BMW 3 Series 4-DR. w_SAB.png
2309,2007,BMW,3 SERIES,2007 BMW 3 Series Wagon w/SAB,,Not Rated,Not Rated,4,4,Not Rated,Not Rated,Not Rated,Not Rated,Not Rated,Not Rated,Not Rated,4,0,0.103, ,Not Rated,Standard,No,No,1036,9,2,2007/BMW/3 SERIES/2007 BMW 3 Series Wagon w_SAB.png
2310,2007,BMW,3 SERIES,2007 BMW 3 Series 2-DR. w/SAB,,Not Rated,Not Rated,Not Rated,Not Rated,Not Rated,Not Rated,Not Rated,Not Rated,Not Rated,Not Rated,Not Rated,Not Rated,0,0, ,Not Rated,Standard,No,No,1036,9,2,2007/BMW/3 SERIES/2007 BMW 3 Series 2-DR. w_SAB.png
2311,2007,BMW,3 SERIES,2007 BMW 3 Series Convertible w/SAB,,Not Rated,Not Rated,Not Rated,Not Rated,Not Rated,Not Rated,Not Rated,Not Rated,Not Rated,Not Rated,Not Rated,Not Rated,0,0, ,Not Rated,Standard,No,No,1036,9,2,2007/BMW/3 SERIES/2007 BMW 3 Series Convertible w_SAB.png
2312,2007,BMW,5 SERIES,2007 BMW 5 Series 4-DR w/SAB,,Not Rated,Not Rated,Not Rated,Not Rated,Not Rated,Not Rated,Not Rated,Not Rated,Not Rated,Not Rated,Not Rated,Not Rated,0,0, ,Not Rated,Standard,No,No,283,7,0,2007/BMW/5 SERIES/2007 BMW 5 Series 4-DR w_SAB.png
2313,2007,BMW,5 SERIES,2007 BMW 5 Series Wagon w/SAB,,Not Rated,Not Rated,Not Rated,Not Rated,Not Rated,Not Rated,Not Rated,Not Rated,Not Rated,Not Rated,Not Rated,Not Rated,0,0, ,Not Rated,Standard,No,No,283,7,0,2007/BMW/5 SERIES/2007 BMW 5 Series Wagon w_SAB.png
2314,2007,BMW,6 SERIES,2007 BMW 6 Series 2-DR w/SAB,,Not Rated,Not Rated,Not Rated,Not Rated,Not Rated,Not Rated,Not Rated,Not Rated,Not Rated,Not Rated,Not Rated,Not Rated,0,0, ,Not Rated,Standard,No,No,24,4,0,2007/BMW/6 SERIES/2007 BMW 6 Series 2-DR w_SAB.png
2315,2007,BMW,6 SERIES,2007 BMW 6 Series Convertible w/SAB,,Not Rated,Not Rated,Not Rated,Not Rated,Not Rated,Not Rated,Not Rated,Not Rated,Not Rated,Not Rated,Not Rated,Not Rated,0,0, ,Not Rated,Standard,No,No,24,4,0,2007/BMW/6 SERIES/2007 BMW 6 Series Convertible w_SAB.png
2316,2007,BMW,7 SERIES,2007 BMW 7 Series 4-DR w/SAB,,Not Rated,Not Rated,Not Rated,Not Rated,Not Rated,Not Rated,Not Rated,Not Rated,Not Rated,Not Rated,Not Rated,Not Rated,0,0, ,Not Rated,Standard,No,No,127,6,2,2007/BMW/7 SERIES/2007 BMW 7 Series 4-DR w_SAB.png
2317,2007,BMW,X3,2007 BMW X3 4-DR w/SAB,,Not Rated,Not Rated,Not Rated,Not Rated,Not Rated,Not Rated,Not Rated,Not Rated,Not Rated,Not Rated,Not Rated,Not Rated,0,0, ,Not Rated,Standard,No,No,373,6,1,2007/BMW/X3/2007 BMW X3 4-DR w_SAB.png
2318,2007,BMW,X5,2007 BMW X5  4-DR. w/SAB,,Not Rated,Not Rated,Not Rated,Not Rated,Not Rated,Not Rated,Not Rated,Not Rated,Not Rated,Not Rated,Not Rated,Not Rated,0,0, ,Not Rated,Standard,No,No,143,16,0,2007/BMW/X5/2007 BMW X5  4-DR. w_SAB.png
2166,2007,BMW,Z4,2007 BMW Z4 Roadster w/SAB,,Not Rated,Not Rated,4,4,Not Rated,3,Not Rated,Not Rated,Not Rated,Not Rated,Not Rated,5,0,0.082, ,Not Rated,Standard,No,No,33,2,0,2007/BMW/Z4/2007 BMW Z4 Roadster w_SAB.png
2308,2007,BMW,Z4,2007 BMW Z4 2-DR w/SAB,,Not Rated,Not Rated,Not Rated,Not Rated,Not Rated,Not Rated,Not Rated,Not Rated,Not Rated,Not Rated,Not Rated,Not Rated,0,0, ,Not Rated,Standard,No,No,33,2,0,2007/BMW/Z4/2007 BMW Z4 2-DR w_SAB.png
2090,2007,BUICK,LACROSSE,2007 Buick LaCrosse 4-DR w/SAB,,Not Rated,Not Rated,5,5,Not Rated,Not Rated,4,Not Rated,Not Rated,Not Rated,Not Rated,4,0,0.113, ,Not Rated,Optional,No,No,248,4,1,2007/BUICK/LACROSSE/2007 Buick LaCrosse 4-DR w_SAB.png
2097,2007,BUICK,LUCERNE,2007 Buick Lucerne 4-DR. w/SAB,,Not Rated,Not Rated,5,5,Not Rated,4,4,Not Rated,Not Rated,Not Rated,Not Rated,5,0,0.101, ,Not Rated,Optional,No,No,164,4,1,2007/BUICK/LUCERNE/2007 Buick Lucerne 4-DR. w_SAB.png
2081,2007,BUICK,RAINIER,2007 Buick Rainier 4-DR.,,Not Rated,Not Rated,3,4,Not Rated,5,5,Not Rated,Not Rated,Not Rated,4,3,0.191,0.204,No Tip,Not Rated,Standard,No,No,38,5,4,2007/BUICK/RAINIER/2007 Buick Rainier 4-DR..png
2386,2007,BUICK,RAINIER,2007 Buick Rainier 4-DR. w/SAB,,Not Rated,Not Rated,3,4,Not Rated,5,5,Not Rated,Not Rated,Not Rated,4,3,0.191,0.204,No Tip,Not Rated,Standard,No,No,38,5,4,2007/BUICK/RAINIER/2007 Buick Rainier 4-DR. w_SAB.png
2084,2007,BUICK,RENDEZVOUS,2007 Buick Rendezvous 4-DR. w/SAB,,Not Rated,Not Rated,3,4,Not Rated,5,5,Not Rated,Not Rated,Not Rated,Not Rated,Not Rated,0,0, ,Not Rated,No,No,No,42,0,0,2007/BUICK/RENDEZVOUS/2007 Buick Rendezvous 4-DR. w_SAB.png
2065,2007,BUICK,TERRAZA,2007 Buick Terraza,,Not Rated,Not Rated,5,5,Not Rated,4,5,Not Rated,Not Rated,Not Rated,Not Rated,3,0,0.204, ,Not Rated,Standard,No,No,32,3,1,2007/BUICK/TERRAZA/2007 Buick Terraza.png
2099,2007,CADILLAC,CTS,2007 Cadillac CTS 4-DR. w/SAB,,Not Rated,Not Rated,4,4,Not Rated,4,5,Not Rated,Not Rated,Not Rated,Not Rated,4,0,0.111, ,Not Rated,Optional,No,No,217,7,2,2007/CADILLAC/CTS/2007 Cadillac CTS 4-DR. w_SAB.png
2098,2007,CADILLAC,DTS,2007 Cadillac DTS 4-DR w/SAB,,Not Rated,Not Rated,5,4,Not Rated,4,4,Not Rated,Not Rated,Not Rated,Not Rated,4,0,0.111, ,Not Rated,Optional,No,No,97,3,1,2007/CADILLAC/DTS/2007 Cadillac DTS 4-DR w_SAB.png
1996,2007,CADILLAC,ESCALADE,2007 Cadillac Escalade 4-DR. w/SAB,,Not Rated,Not Rated,5,5,Not Rated,5,5,Not Rated,Not Rated,Not Rated,3,3,0.228,0.246,No Tip,Not Rated,Standard,No,No,285,5,3,2007/CADILLAC/ESCALADE/2007 Cadillac Escalade 4-DR. w_SAB.png
1999,2007,CADILLAC,ESCALADE ESV,2007 Cadillac Escalade ESV 4-DR. w/SAB,,Not Rated,Not Rated,5,5,Not Rated,5,5,Not Rated,Not Rated,Not Rated,3,3,0.237,0.237,No Tip,Not Rated,Standard,No,No,268,4,3,2007/CADILLAC/ESCALADE ESV/2007 Cadillac Escalade ESV 4-DR. w_SAB.png
2161,2007,CADILLAC,ESCALADE EXT,2007 Cadillac Escalade EXT w/SAB,,Not Rated,Not Rated,5,5,Not Rated,5,5,Not Rated,Not Rated,Not Rated,3,3,0.212,0.228,No Tip,Not Rated,Standard,No,No,246,5,3,2007/CADILLAC/ESCALADE EXT/2007 Cadillac Escalade EXT w_SAB.png
2085,2007,CADILLAC,SRX,2007 Cadillac SRX 4-DR. w/SAB,,Not Rated,Not Rated,4,4,Not Rated,5,5,Not Rated,Not Rated,Not Rated,Not Rated,Not Rated,0,0, ,Not Rated,Standard,No,No,52,1,1,2007/CADILLAC/SRX/2007 Cadillac SRX 4-DR. w_SAB.png
2201,2007,CADILLAC,STS,2007 Cadillac STS 4-DR w/SAB  (Early release),,Not Rated,Not Rated,4,4,Not Rated,Not Rated,Not Rated,Not Rated,Not Rated,Not Rated,5,5,0.099,0.101,No Tip,Not Rated,Standard,No,No,53,2,1,2007/CADILLAC/STS/2007 Cadillac STS 4-DR w_SAB  (Early release).png
2400,2007,CADILLAC,STS,2007 Cadillac STS 4-DR w/SAB  (Later release),,Not Rated,Not Rated,4,4,Not Rated,4,5,Not Rated,Not Rated,Not Rated,5,5,0.099,0.101,No Tip,Not Rated,Standard,No,No,53,2,1,2007/CADILLAC/STS/2007 Cadillac STS 4-DR w_SAB  (Later release).png
2200,2007,CADILLAC,XLR,2007 Cadillac XLR Convertible w/SAB,,Not Rated,Not Rated,Not Rated,Not Rated,Not Rated,Not Rated,Not Rated,Not Rated,Not Rated,Not Rated,Not Rated,Not Rated,0,0, ,Not Rated,Standard,No,No,2,1,0,2007/CADILLAC/XLR/2007 Cadillac XLR Convertible w_SAB.png
2160,2007,CHEVROLET,AVALANCHE,2007 Chevrolet Avalanche 4-DR,,Not Rated,Not Rated,5,5,Not Rated,Not Rated,Not Rated,Not Rated,Not Rated,Not Rated,3,3,0.212,0.228,No Tip,Not Rated,Standard,No,No,492,5,3,2007/CHEVROLET/AVALANCHE/2007 Chevrolet Avalanche 4-DR.png
2547,2007,CHEVROLET,AVALANCHE,2007 Chevrolet Avalanche 4-DR w/SAB,,Not Rated,Not Rated,5,5,Not Rated,5,5,Not Rated,Not Rated,Not Rated,3,3,0.212,0.228,No Tip,Not Rated,Standard,No,No,492,5,3,2007/CHEVROLET/AVALANCHE/2007 Chevrolet Avalanche 4-DR w_SAB.png
2194,2007,CHEVROLET,AVEO,2007 Chevrolet Aveo 4-DR. w/SAB,,Not Rated,Not Rated,5,4,Not Rated,4,3,Not Rated,Not Rated,Not Rated,Not Rated,4,0,0.133, ,Not Rated,No,No,No,216,2,0,2007/CHEVROLET/AVEO/2007 Chevrolet Aveo 4-DR. w_SAB.png
2220,2007,CHEVROLET,AVEO,2007 Chevrolet Aveo 5-DR. Hatchback w/SAB,,Not Rated,Not Rated,5,5,Not Rated,4,4,Not Rated,Not Rated,Not Rated,Not Rated,4,0,0.133, ,Not Rated,No,No,No,216,2,0,2007/CHEVROLET/AVEO/2007 Chevrolet Aveo 5-DR. Hatchback w_SAB.png
2091,2007,CHEVROLET,COBALT,2007 Chevrolet Cobalt 4-DR,,Not Rated,Not Rated,4,5,Not Rated,3,4,Not Rated,Not Rated,Not Rated,Not Rated,4,0,0.111, ,Not Rated,No,No,No,1561,6,1,2007/CHEVROLET/COBALT/2007 Chevrolet Cobalt 4-DR.png
2092,2007,CHEVROLET,COBALT,2007 Chevrolet Cobalt 2-DR,,Not Rated,Not Rated,4,5,Not Rated,4,4,Not Rated,Not Rated,Not Rated,Not Rated,4,0,0.109, ,Not Rated,No,No,No,1561,6,1,2007/CHEVROLET/COBALT/2007 Chevrolet Cobalt 2-DR.png
2093,2007,CHEVROLET,COBALT,2007 Chevrolet Cobalt 2-DR  w/SAB (Early release),,Not Rated,Not Rated,4,5,Not Rated,3,4,Not Rated,Not Rated,Not Rated,Not Rated,4,0,0.109, ,Not Rated,No,No,No,1561,6,1,2007/CHEVROLET/COBALT/2007 Chevrolet Cobalt 2-DR  w_SAB (Early release).png
2385,2007,CHEVROLET,COBALT,2007 Chevrolet Cobalt 4-DR w/SAB,,Not Rated,Not Rated,4,5,Not Rated,3,5,Not Rated,Not Rated,Not Rated,Not Rated,4,0,0.111, ,Not Rated,No,No,No,1561,6,1,2007/CHEVROLET/COBALT/2007 Chevrolet Cobalt 4-DR w_SAB.png
2615,2007,CHEVROLET,COBALT,2007 Chevrolet Cobalt 2-DR  w/SAB (Later release),,Not Rated,Not Rated,4,5,Not Rated,4,4,Not Rated,Not Rated,Not Rated,Not Rated,4,0,0.109, ,Not Rated,No,No,No,1561,6,1,2007/CHEVROLET/COBALT/2007 Chevrolet Cobalt 2-DR  w_SAB (Later release).png
2067,2007,CHEVROLET,COLORADO,2007 Chevrolet Colorado Regular Cab,,Not Rated,Not Rated,4,4,Not Rated,4,Not Rated,Not Rated,Not Rated,Not Rated,4,4,0.179,0.185,No Tip,Not Rated,No,No,No,140,3,0,2007/CHEVROLET/COLORADO/2007 Chevrolet Colorado Regular Cab.png
2068,2007,CHEVROLET,COLORADO,2007 Chevrolet Colorado 4-DR.,,Not Rated,Not Rated,5,5,Not Rated,4,5,Not Rated,Not Rated,Not Rated,4,4,0.179,0.185,No Tip,Not Rated,No,No,No,140,3,0,2007/CHEVROLET/COLORADO/2007 Chevrolet Colorado 4-DR..png
2338,2007,CHEVROLET,COLORADO,2007 Chevrolet Colorado Extended Cab,,Not Rated,Not Rated,4,4,Not Rated,4,Not Rated,Not Rated,Not Rated,Not Rated,4,4,0.179,0.185,No Tip,Not Rated,No,No,No,140,3,0,2007/CHEVROLET/COLORADO/2007 Chevrolet Colorado Extended Cab.png
2195,2007,CHEVROLET,CORVETTE,2007 Chevrolet Corvette 2-DR,,Not Rated,Not Rated,Not Rated,Not Rated,Not Rated,Not Rated,Not Rated,Not Rated,Not Rated,Not Rated,Not Rated,Not Rated,0,0, ,Not Rated,Standard,No,No,384,2,2,2007/CHEVROLET/CORVETTE/2007 Chevrolet Corvette 2-DR.png
2197,2007,CHEVROLET,CORVETTE,2007 Chevrolet Corvette 2-DR Convertible w/SAB,,Not Rated,Not Rated,Not Rated,Not Rated,Not Rated,Not Rated,Not Rated,Not Rated,Not Rated,Not Rated,Not Rated,Not Rated,0,0, ,Not Rated,Standard,No,No,384,2,2,2007/CHEVROLET/CORVETTE/2007 Chevrolet Corvette 2-DR Convertible w_SAB.png
2196,2007,CHEVROLET,CORVETTE Z06,2007 Chevrolet Corvette Z06 2-DR,,Not Rated,Not Rated,Not Rated,Not Rated,Not Rated,Not Rated,Not Rated,Not Rated,Not Rated,Not Rated,Not Rated,Not Rated,0,0, ,Not Rated,Standard,No,No,384,2,2,2007/CHEVROLET/CORVETTE Z06/2007 Chevrolet Corvette Z06 2-DR.png
2077,2007,CHEVROLET,EQUINOX,2007 Chevrolet Equinox 4-DR.,,Not Rated,Not Rated,5,5,Not Rated,5,5,Not Rated,Not Rated,Not Rated,4,4,0.164,0.185,No Tip,Not Rated,Standard,No,No,684,4,0,2007/CHEVROLET/EQUINOX/2007 Chevrolet Equinox 4-DR..png
2198,2007,CHEVROLET,EXPRESS,2007 Chevrolet Express 1500 Van,,Not Rated,Not Rated,5,5,Not Rated,Not Rated,Not Rated,Not Rated,Not Rated,Not Rated,Not Rated,3,0,0.283, ,Not Rated,No,No,No,22,6,0,2007/CHEVROLET/EXPRESS/2007 Chevrolet Express 1500 Van.png
2199,2007,CHEVROLET,EXPRESS 3500 15 PASSENGER,2007 Chevrolet Express Van 3500 15 Passenger Van,,Not Rated,Not Rated,Not Rated,Not Rated,Not Rated,Not Rated,Not Rated,Not Rated,Not Rated,Not Rated,Not Rated,3,0,0.279, ,Not Rated,Standard,No,No,28,4,0,2007/CHEVROLET/EXPRESS 3500 15 PASSENGER/2007 Chevrolet Express Van 3500 15 Passenger Van.png
2063,2007,CHEVROLET,HHR,2007 Chevrolet HHR 4-DR.,,Not Rated,Not Rated,5,5,Not Rated,5,5,Not Rated,Not Rated,Not Rated,Not Rated,4,0,0.143, ,Not Rated,No,No,No,725,5,0,2007/CHEVROLET/HHR/2007 Chevrolet HHR 4-DR..png
2086,2007,CHEVROLET,IMPALA,2007 Chevrolet Impala 4-DR w/SAB,,Not Rated,Not Rated,5,5,Not Rated,5,4,Not Rated,Not Rated,Not Rated,Not Rated,4,0,0.113, ,Not Rated,No,No,No,625,3,0,2007/CHEVROLET/IMPALA/2007 Chevrolet Impala 4-DR w_SAB.png
5868,2007,CHEVROLET,IMPALA,2007 Chevrolet Impala 4-DR,,Not Rated,Not Rated,5,5,Not Rated,Not Rated,Not Rated,Not Rated,Not Rated,Not Rated,Not Rated,4,0,0.113, ,Not Rated,No,No,No,625,3,0,2007/CHEVROLET/IMPALA/2007 Chevrolet Impala 4-DR.png
2095,2007,CHEVROLET,MALIBU,2007 Chevrolet Malibu 4-DR w/SAB,,Not Rated,Not Rated,5,5,Not Rated,5,4,Not Rated,Not Rated,Not Rated,Not Rated,4,0,0.111, ,Not Rated,No,No,No,990,6,0,2007/CHEVROLET/MALIBU/2007 Chevrolet Malibu 4-DR w_SAB.png
2124,2007,CHEVROLET,MALIBU MAXX,2007 Chevrolet Malibu Maxx 5-DR  w/SAB,,Not Rated,Not Rated,5,5,Not Rated,Not Rated,Not Rated,Not Rated,Not Rated,Not Rated,Not Rated,4,0,0.111, ,Not Rated,No,No,No,1019,6,0,2007/CHEVROLET/MALIBU MAXX/2007 Chevrolet Malibu Maxx 5-DR  w_SAB.png
2087,2007,CHEVROLET,MONTE CARLO,2007 Chevrolet Monte Carlo 2-DR.,,Not Rated,Not Rated,5,5,Not Rated,3,4,Not Rated,Not Rated,Not Rated,Not Rated,4,0,0.103, ,Not Rated,No,No,No,42,2,0,2007/CHEVROLET/MONTE CARLO/2007 Chevrolet Monte Carlo 2-DR..png
2088,2007,CHEVROLET,MONTE CARLO,2007 Chevrolet Monte Carlo 2-DR. w/ SAB,,Not Rated,Not Rated,5,5,Not Rated,3,4,Not Rated,Not Rated,Not Rated,Not Rated,4,0,0.103, ,Not Rated,No,No,No,42,2,0,2007/CHEVROLET/MONTE CARLO/2007 Chevrolet Monte Carlo 2-DR. w_ SAB.png
2072,2007,CHEVROLET,SILVERADO,2007 Chevrolet Silverado 1500 Classic 4-DR.,,Not Rated,Not Rated,4,3,Not Rated,Not Rated,Not Rated,Not Rated,Not Rated,Not Rated,4,4,0.185,0.159,No Tip,Not Rated,No,No,No,1053,6,3,2007/CHEVROLET/SILVERADO/2007 Chevrolet Silverado 1500 Classic 4-DR..png
2073,2007,CHEVROLET,SILVERADO,2007 Chevrolet Silverado 1500 Classic Regular Cab,,Not Rated,Not Rated,4,3,Not Rated,Not Rated,Not Rated,Not Rated,Not Rated,Not Rated,4,4,0.185,0.159,No Tip,Not Rated,No,No,No,1053,6,3,2007/CHEVROLET/SILVERADO/2007 Chevrolet Silverado 1500 Classic Regular Cab.png
2210,2007,CHEVROLET,SILVERADO,2007 Chevrolet Silverado 1500 Regular Cab,,Not Rated,Not Rated,5,5,Not Rated,5,Not Rated,Not Rated,Not Rated,Not Rated,4,4,0.185,0.191,No Tip,Not Rated,No,No,No,1029,6,3,2007/CHEVROLET/SILVERADO/2007 Chevrolet Silverado 1500 Regular Cab.png
2211,2007,CHEVROLET,SILVERADO,2007 Chevrolet Silverado 1500 4-DR.,,Not Rated,Not Rated,5,5,Not Rated,5,5,Not Rated,Not Rated,Not Rated,4,4,0.185,0.191,No Tip,Not Rated,Standard,No,No,1029,6,3,2007/CHEVROLET/SILVERADO/2007 Chevrolet Silverado 1500 4-DR..png
2341,2007,CHEVROLET,SILVERADO,2007 Chevrolet Silverado 1500 Extended Cab,,Not Rated,Not Rated,5,5,Not Rated,5,5,Not Rated,Not Rated,Not Rated,4,4,0.185,0.191,No Tip,Not Rated,Optional,No,No,1029,6,3,2007/CHEVROLET/SILVERADO/2007 Chevrolet Silverado 1500 Extended Cab.png
2342,2007,CHEVROLET,SILVERADO,2007 Chevrolet Silverado 1500 Classic Extended Cab,,Not Rated,Not Rated,4,3,Not Rated,Not Rated,Not Rated,Not Rated,Not Rated,Not Rated,4,4,0.185,0.159,No Tip,Not Rated,No,No,No,1029,6,3,2007/CHEVROLET/SILVERADO/2007 Chevrolet Silverado 1500 Classic Extended Cab.png
2548,2007,CHEVROLET,SILVERADO,2007 Chevrolet Silverado 1500 4-DR. w/SAB,,Not Rated,Not Rated,5,5,Not Rated,5,5,Not Rated,Not Rated,Not Rated,4,4,0.185,0.191,No Tip,Not Rated,Standard,No,No,1029,6,3,2007/CHEVROLET/SILVERADO/2007 Chevrolet Silverado 1500 4-DR. w_SAB.png
2550,2007,CHEVROLET,SILVERADO,2007 Chevrolet Silverado 1500 Extended Cab w/SAB,,Not Rated,Not Rated,5,5,Not Rated,5,5,Not Rated,Not Rated,Not Rated,4,4,0.185,0.191,No Tip,Not Rated,Optional,No,No,1029,6,3,2007/CHEVROLET/SILVERADO/2007 Chevrolet Silverado 1500 Extended Cab w_SAB.png
2551,2007,CHEVROLET,SILVERADO,2007 Chevrolet Silverado 1500 Regular Cab w/SAB,,Not Rated,Not Rated,5,5,Not Rated,5,Not Rated,Not Rated,Not Rated,Not Rated,4,4,0.185,0.191,No Tip,Not Rated,No,No,No,1029,6,3,2007/CHEVROLET/SILVERADO/2007 Chevrolet Silverado 1500 Regular Cab w_SAB.png
2000,2007,CHEVROLET,SUBURBAN,2007 Chevrolet Suburban 1500 4-DR. w/SAB,,Not Rated,Not Rated,5,5,Not Rated,5,5,Not Rated,Not Rated,Not Rated,3,3,0.237,0.237,No Tip,Not Rated,Standard,No,No,480,4,3,2007/CHEVROLET/SUBURBAN/2007 Chevrolet Suburban 1500 4-DR. w_SAB.png
1994,2007,CHEVROLET,TAHOE,2007 Chevrolet Tahoe 4-DR. w/SAB,,Not Rated,Not Rated,5,5,Not Rated,5,5,Not Rated,Not Rated,Not Rated,3,3,0.228,0.246,No Tip,Not Rated,Standard,No,No,1175,4,5,2007/CHEVROLET/TAHOE/2007 Chevrolet Tahoe 4-DR. w_SAB.png
2079,2007,CHEVROLET,TRAILBLAZER,2007 Chevrolet Trailblazer 4-DR.,,Not Rated,Not Rated,3,4,Not Rated,5,5,Not Rated,Not Rated,Not Rated,4,3,0.191,0.204,No Tip,Not Rated,Standard,No,No,782,5,5,2007/CHEVROLET/TRAILBLAZER/2007 Chevrolet Trailblazer 4-DR..png
2387,2007,CHEVROLET,TRAILBLAZER,2007 Chevrolet Trailblazer 4-DR. w/SAB,,Not Rated,Not Rated,3,4,Not Rated,5,5,Not Rated,Not Rated,Not Rated,4,3,0.191,0.204,No Tip,Not Rated,Standard,No,No,782,5,5,2007/CHEVROLET/TRAILBLAZER/2007 Chevrolet Trailblazer 4-DR. w_SAB.png
2064,2007,CHEVROLET,UPLANDER,2007 Chevrolet Uplander,,Not Rated,Not Rated,5,5,Not Rated,4,5,Not Rated,Not Rated,Not Rated,Not Rated,3,0,0.204, ,Not Rated,Optional,No,No,109,2,1,2007/CHEVROLET/UPLANDER/2007 Chevrolet Uplander.png
2016,2007,CHRYSLER,300,2007 Chrysler 300 4-DR,,Not Rated,Not Rated,5,5,Not Rated,4,5,Not Rated,Not Rated,Not Rated,Not Rated,4,0,0.109, ,Not Rated,Optional,No,No,623,5,3,2007/CHRYSLER/300/2007 Chrysler 300 4-DR.png
2167,2007,CHRYSLER,ASPEN,2007 Chrysler Aspen 4-Dr. w/SAB,,Not Rated,Not Rated,5,5,Not Rated,Not Rated,Not Rated,Not Rated,Not Rated,Not Rated,4,3,0.191,0.212,No Tip,Not Rated,Standard,No,No,244,3,3,2007/CHRYSLER/ASPEN/2007 Chrysler Aspen 4-Dr. w_SAB.png
2010,2007,CHRYSLER,CROSSFIRE,2007 Chrysler Crossfire 2-DR. w/SAB,,Not Rated,Not Rated,Not Rated,Not Rated,Not Rated,5,Not Rated,Not Rated,Not Rated,Not Rated,Not Rated,5,0,0.095, ,Not Rated,Standard,No,No,50,1,2,2007/CHRYSLER/CROSSFIRE/2007 Chrysler Crossfire 2-DR. w_SAB.png
2178,2007,CHRYSLER,CROSSFIRE ROADSTER,2007 Chrysler Crossfire Roadster w/SAB,,Not Rated,Not Rated,Not Rated,Not Rated,Not Rated,Not Rated,Not Rated,Not Rated,Not Rated,Not Rated,Not Rated,Not Rated,0,0, ,Not Rated,Standard,No,No,50,1,2,2007/CHRYSLER/CROSSFIRE ROADSTER/2007 Chrysler Crossfire Roadster w_SAB.png
2015,2007,CHRYSLER,PACIFICA,2007 Chrysler Pacifica 4-DR w/SAB,,Not Rated,Not Rated,5,5,Not Rated,5,5,Not Rated,Not Rated,Not Rated,4,4,0.13,0.14,No Tip,Not Rated,Standard,No,No,379,0,2,2007/CHRYSLER/PACIFICA/2007 Chrysler Pacifica 4-DR w_SAB.png
2008,2007,CHRYSLER,PT CRUISER,2007 Chrysler PT Cruiser 4-DR.,,Not Rated,Not Rated,4,4,Not Rated,Not Rated,Not Rated,Not Rated,Not Rated,Not Rated,Not Rated,4,0,0.136, ,Not Rated,No,No,No,149,0,0,2007/CHRYSLER/PT CRUISER/2007 Chrysler PT Cruiser 4-DR..png
2009,2007,CHRYSLER,PT CRUISER,2007 Chrysler PT Cruiser 4-DR. w/SAB,,Not Rated,Not Rated,4,4,Not Rated,4,5,Not Rated,Not Rated,Not Rated,Not Rated,4,0,0.136, ,Not Rated,No,No,No,149,0,0,2007/CHRYSLER/PT CRUISER/2007 Chrysler PT Cruiser 4-DR. w_SAB.png
2179,2007,CHRYSLER,PT CRUISER,2007 Chrysler PT Cruiser Convertible,,Not Rated,Not Rated,Not Rated,Not Rated,Not Rated,Not Rated,Not Rated,Not Rated,Not Rated,Not Rated,Not Rated,Not Rated,0,0, ,Not Rated,No,No,No,155,0,0,2007/CHRYSLER/PT CRUISER/2007 Chrysler PT Cruiser Convertible.png
2181,2007,CHRYSLER,SEBRING,2007 Chrysler Sebring 4-DR. w/SAB,,Not Rated,Not Rated,5,5,Not Rated,5,3,Not Rated,Not Rated,Not Rated,Not Rated,4,0,0.113, ,Not Rated,Optional,No,No,339,7,1,2007/CHRYSLER/SEBRING/2007 Chrysler Sebring 4-DR. w_SAB.png
2013,2007,CHRYSLER,TOWN & COUNTRY,2007 Chrysler Town & Country LWB,,Not Rated,Not Rated,5,5,Not Rated,5,5,Not Rated,Not Rated,Not Rated,Not Rated,4,0,0.174, ,Not Rated,No,No,No,241,2,1,2007/CHRYSLER/TOWN & COUNTRY/2007 Chrysler Town & Country LWB.png
2017,2007,CHRYSLER,TOWN & COUNTRY,2007 Chrysler Town & Country SWB,,Not Rated,Not Rated,5,5,Not Rated,4,5,Not Rated,Not Rated,Not Rated,Not Rated,4,0,0.169, ,Not Rated,No,No,No,218,2,1,2007/CHRYSLER/TOWN & COUNTRY/2007 Chrysler Town & Country SWB.png
1907,2007,DODGE,CALIBER,2007 Dodge Caliber 4-DR. w/SAB,,Not Rated,Not Rated,5,5,Not Rated,5,5,Not Rated,Not Rated,Not Rated,Not Rated,4,0,0.155, ,Not Rated,Optional,No,No,957,4,1,2007/DODGE/CALIBER/2007 Dodge Caliber 4-DR. w_SAB.png
2012,2007,DODGE,CARAVAN,2007 Dodge Caravan,,Not Rated,Not Rated,5,5,Not Rated,4,5,Not Rated,Not Rated,Not Rated,Not Rated,4,0,0.169, ,Not Rated,No,No,No,82,4,1,2007/DODGE/CARAVAN/2007 Dodge Caravan.png
2019,2007,DODGE,CHARGER,2007 Dodge Charger 4-DR.,,Not Rated,Not Rated,5,5,Not Rated,4,5,Not Rated,Not Rated,Not Rated,Not Rated,4,0,0.109, ,Not Rated,Optional,No,No,568,5,4,2007/DODGE/CHARGER/2007 Dodge Charger 4-DR..png
2025,2007,DODGE,DAKOTA,2007 Dodge Dakota 4-DR.,,Not Rated,Not Rated,5,4,Not Rated,5,5,Not Rated,Not Rated,Not Rated,4,4,0.179,0.191,No Tip,Not Rated,No,No,No,143,4,4,2007/DODGE/DAKOTA/2007 Dodge Dakota 4-DR..png
2345,2007,DODGE,DAKOTA,2007 Dodge Dakota Extended Cab,,Not Rated,Not Rated,5,5,Not Rated,5,Not Rated,Not Rated,Not Rated,Not Rated,4,4,0.179,0.191,No Tip,Not Rated,No,No,No,143,4,4,2007/DODGE/DAKOTA/2007 Dodge Dakota Extended Cab.png
2011,2007,DODGE,DURANGO,2007 Dodge Durango 4-DR. w/SAB,,Not Rated,Not Rated,5,5,Not Rated,Not Rated,Not Rated,Not Rated,Not Rated,Not Rated,4,3,0.191,0.212,No Tip,Not Rated,Standard,No,No,275,4,4,2007/DODGE/DURANGO/2007 Dodge Durango 4-DR. w_SAB.png
2014,2007,DODGE,GRAND CARAVAN,2007 Dodge Grand Caravan,,Not Rated,Not Rated,5,5,Not Rated,5,5,Not Rated,Not Rated,Not Rated,Not Rated,4,0,0.174, ,Not Rated,No,No,No,182,4,1,2007/DODGE/GRAND CARAVAN/2007 Dodge Grand Caravan.png
2018,2007,DODGE,MAGNUM,2007 Dodge Magnum 4-DR.,,Not Rated,Not Rated,5,5,Not Rated,4,5,Not Rated,Not Rated,Not Rated,Not Rated,4,0,0.109, ,Not Rated,Optional,No,No,109,5,4,2007/DODGE/MAGNUM/2007 Dodge Magnum 4-DR..png
2182,2007,DODGE,NITRO,2007 Dodge Nitro 4-DR. w/SAB,,Not Rated,Not Rated,5,5,Not Rated,5,5,Not Rated,Not Rated,Not Rated,3,3,0.219,0.228,No Tip,Not Rated,Standard,No,No,825,8,3,2007/DODGE/NITRO/2007 Dodge Nitro 4-DR. w_SAB.png
2023,2007,DODGE,RAM 1500,2007 Dodge Ram 1500 Regular Cab,,Not Rated,Not Rated,5,5,Not Rated,Not Rated,Not Rated,Not Rated,Not Rated,Not Rated,4,4,0.198,0.179,No Tip,Not Rated,Optional,No,No,534,11,4,2007/DODGE/RAM 1500/2007 Dodge Ram 1500 Regular Cab.png
2024,2007,DODGE,RAM 1500,2007 Dodge Ram 1500 4-DR.,,Not Rated,Not Rated,5,5,Not Rated,Not Rated,Not Rated,Not Rated,Not Rated,Not Rated,4,4,0.198,0.179,No Tip,Not Rated,Optional,No,No,534,11,4,2007/DODGE/RAM 1500/2007 Dodge Ram 1500 4-DR..png
2183,2007,DODGE,SPRINTER,2007 Dodge Sprinter 2500 Van,,Not Rated,Not Rated,Not Rated,Not Rated,Not Rated,Not Rated,Not Rated,Not Rated,Not Rated,Not Rated,Not Rated,Not Rated,0,0, ,Not Rated,Standard,No,No,70,10,0,2007/DODGE/SPRINTER/2007 Dodge Sprinter 2500 Van.png
2043,2007,FORD,CROWN VICTORIA,2007 Ford Crown Victoria 4-DR. w/SAB,,Not Rated,Not Rated,5,5,Not Rated,5,5,Not Rated,Not Rated,Not Rated,Not Rated,5,0,0.09, ,Not Rated,No,No,No,48,4,4,2007/FORD/CROWN VICTORIA/2007 Ford Crown Victoria 4-DR. w_SAB.png
2044,2007,FORD,CROWN VICTORIA,2007 Ford Crown Victoria 4-DR.,,Not Rated,Not Rated,5,5,Not Rated,4,5,Not Rated,Not Rated,Not Rated,Not Rated,5,0,0.09, ,Not Rated,No,No,No,48,4,4,2007/FORD/CROWN VICTORIA/2007 Ford Crown Victoria 4-DR..png
2190,2007,FORD,E-150,2007 Ford E-150 Passenger Wagon,,Not Rated,Not Rated,Not Rated,Not Rated,Not Rated,Not Rated,Not Rated,Not Rated,Not Rated,Not Rated,Not Rated,3,0,0.279, ,Not Rated,No,No,No,12,23,0,2007/FORD/E-150/2007 Ford E-150 Passenger Wagon.png
2189,2007,FORD,E-350 15 PASSENGER,2007 Ford E-350 15 Passenger Wagon,,Not Rated,Not Rated,Not Rated,Not Rated,Not Rated,Not Rated,Not Rated,Not Rated,Not Rated,Not Rated,Not Rated,2,0,0.306, ,Not Rated,Standard,No,No,18,39,2,2007/FORD/E-350 15 PASSENGER/2007 Ford E-350 15 Passenger Wagon.png
2188,2007,FORD,EDGE,2007 Ford Edge 4-DR. w/SAB,,Not Rated,Not Rated,5,4,Not Rated,5,5,Not Rated,Not Rated,Not Rated,4,4,0.14,0.159,No Tip,Not Rated,Standard,No,No,985,6,3,2007/FORD/EDGE/2007 Ford Edge 4-DR. w_SAB.png
2033,2007,FORD,ESCAPE,2007 Ford Escape 4-DR.,,Not Rated,Not Rated,4,4,Not Rated,5,5,Not Rated,Not Rated,Not Rated,3,3,0.209,0.237,Tip,Not Rated,No,No,No,393,4,3,2007/FORD/ESCAPE/2007 Ford Escape 4-DR..png
2059,2007,FORD,ESCAPE HYBRID,2007 Ford Escape Hybrid 4-DR,,Not Rated,Not Rated,4,4,Not Rated,5,5,Not Rated,Not Rated,Not Rated,Not Rated,Not Rated,0,0, ,Not Rated,No,No,No,393,4,3,2007/FORD/ESCAPE HYBRID/2007 Ford Escape Hybrid 4-DR.png
2061,2007,FORD,EXPEDITION,2007 Ford Expedition 4-DR. w/SAB,,Not Rated,Not Rated,5,5,Not Rated,Not Rated,Not Rated,Not Rated,Not Rated,Not Rated,4,3,0.198,0.212,No Tip,Not Rated,Standard,No,No,215,2,1,2007/FORD/EXPEDITION/2007 Ford Expedition 4-DR. w_SAB.png
2035,2007,FORD,EXPLORER,2007 Ford Explorer 4-DR. w/SAB,,Not Rated,Not Rated,5,5,Not Rated,5,5,Not Rated,Not Rated,Not Rated,3,3,0.228,0.237,No Tip,Not Rated,Standard,No,No,208,3,1,2007/FORD/EXPLORER/2007 Ford Explorer 4-DR. w_SAB.png
1992,2007,FORD,EXPLORER SPORT TRAC,2007 Ford Explorer Sport Trac 4-DR. w/SAB,,Not Rated,Not Rated,5,5,Not Rated,5,5,Not Rated,Not Rated,Not Rated,4,3,0.198,0.219,No Tip,Not Rated,Standard,No,No,100,1,1,2007/FORD/EXPLORER SPORT TRAC/2007 Ford Explorer Sport Trac 4-DR. w_SAB.png
2039,2007,FORD,F-150,2007 Ford F-150 Supercrew 4-DR.,,Not Rated,Not Rated,5,5,Not Rated,Not Rated,Not Rated,Not Rated,Not Rated,Not Rated,4,4,0.198,0.174,No Tip,Not Rated,Optional,No,No,490,7,1,2007/FORD/F-150/2007 Ford F-150 Supercrew 4-DR..png
2040,2007,FORD,F-150,2007 Ford F-150 Regular Cab,,Not Rated,Not Rated,5,5,Not Rated,Not Rated,Not Rated,Not Rated,Not Rated,Not Rated,4,4,0.198,0.174,No Tip,Not Rated,Optional,No,No,490,7,1,2007/FORD/F-150/2007 Ford F-150 Regular Cab.png
2346,2007,FORD,F-150,2007 Ford F-150 Supercab,,Not Rated,Not Rated,5,5,Not Rated,Not Rated,Not Rated,Not Rated,Not Rated,Not Rated,4,4,0.198,0.174,No Tip,Not Rated,Optional,No,No,490,7,1,2007/FORD/F-150/2007 Ford F-150 Supercab.png
2056,2007,FORD,FIVE HUNDRED,2007 Ford Five Hundred 4-DR.,,Not Rated,Not Rated,5,5,Not Rated,5,5,Not Rated,Not Rated,Not Rated,4,4,0.113,0.105,No Tip,Not Rated,No,No,No,199,2,1,2007/FORD/FIVE HUNDRED/2007 Ford Five Hundred 4-DR..png
2367,2007,FORD,FIVE HUNDRED,2007 Ford Five Hundred 4-DR. w/SAB,,Not Rated,Not Rated,5,5,Not Rated,5,5,Not Rated,Not Rated,Not Rated,4,4,0.113,0.105,No Tip,Not Rated,No,No,No,199,2,1,2007/FORD/FIVE HUNDRED/2007 Ford Five Hundred 4-DR. w_SAB.png
2054,2007,FORD,FOCUS,2007 Ford Focus 2-DR. Hatchback,,Not Rated,Not Rated,4,4,Not Rated,3,4,Not Rated,Not Rated,Not Rated,Not Rated,4,0,0.14, ,Not Rated,No,No,No,391,2,1,2007/FORD/FOCUS/2007 Ford Focus 2-DR. Hatchback.png
2055,2007,FORD,FOCUS,2007 Ford Focus 4-DR.,,Not Rated,Not Rated,5,4,Not Rated,3,4,Not Rated,Not Rated,Not Rated,Not Rated,4,0,0.13, ,Not Rated,No,No,No,391,2,1,2007/FORD/FOCUS/2007 Ford Focus 4-DR..png
2052,2007,FORD,FREESTAR,2007 Ford Freestar,,Not Rated,Not Rated,5,5,Not Rated,4,5,Not Rated,Not Rated,Not Rated,Not Rated,4,0,0.147, ,Not Rated,Optional,No,No,64,2,3,2007/FORD/FREESTAR/2007 Ford Freestar.png
2058,2007,FORD,FREESTYLE,2007 Ford Freestyle 4-DR.,,Not Rated,Not Rated,5,5,Not Rated,5,5,Not Rated,Not Rated,Not Rated,4,4,0.133,0.143,No Tip,Not Rated,No,No,No,893,0,2,2007/FORD/FREESTYLE/2007 Ford Freestyle 4-DR..png
2369,2007,FORD,FREESTYLE,2007 Ford Freestyle 4-DR. w/SAB,,Not Rated,Not Rated,5,5,Not Rated,5,5,Not Rated,Not Rated,Not Rated,4,4,0.133,0.143,No Tip,Not Rated,No,No,No,893,0,2,2007/FORD/FREESTYLE/2007 Ford Freestyle 4-DR. w_SAB.png
2049,2007,FORD,FUSION,2007 Ford Fusion 4-DR. w/SAB,,Not Rated,Not Rated,4,4,Not Rated,5,4,Not Rated,Not Rated,Not Rated,5,4,0.092,0.105,No Tip,Not Rated,No,No,No,1064,5,4,2007/FORD/FUSION/2007 Ford Fusion 4-DR. w_SAB.png
2051,2007,FORD,MUSTANG,2007 Ford Mustang 2-DR,,Not Rated,Not Rated,5,5,Not Rated,4,Not Rated,Not Rated,Not Rated,Not Rated,Not Rated,5,0,0.087, ,Not Rated,No,No,No,614,9,4,2007/FORD/MUSTANG/2007 Ford Mustang 2-DR.png
2192,2007,FORD,MUSTANG,2007 Ford Mustang 2-DR Convertible,,Not Rated,Not Rated,Not Rated,Not Rated,Not Rated,Not Rated,Not Rated,Not Rated,Not Rated,Not Rated,Not Rated,5,0,0.087, ,Not Rated,No,No,No,614,9,4,2007/FORD/MUSTANG/2007 Ford Mustang 2-DR Convertible.png
2037,2007,FORD,RANGER,2007 Ford Ranger Regular Cab,,Not Rated,Not Rated,5,4,Not Rated,5,Not Rated,Not Rated,Not Rated,Not Rated,2,3,0.306,0.219,No Tip,Not Rated,No,No,No,267,6,1,2007/FORD/RANGER/2007 Ford Ranger Regular Cab.png
2038,2007,FORD,RANGER,2007 Ford Ranger Supercab,,Not Rated,Not Rated,5,4,Not Rated,4,Not Rated,Not Rated,Not Rated,Not Rated,2,3,0.306,0.219,No Tip,Not Rated,No,No,No,267,6,1,2007/FORD/RANGER/2007 Ford Ranger Supercab.png
2047,2007,FORD,TAURUS,2007 Ford Taurus 4-DR.,,Not Rated,Not Rated,4,5,Not Rated,3,3,Not Rated,Not Rated,Not Rated,Not Rated,4,0,0.105, ,Not Rated,No,No,No,149,1,1,2007/FORD/TAURUS/2007 Ford Taurus 4-DR..png
2048,2007,FORD,TAURUS,2007 Ford Taurus 4-DR. w/SAB,,Not Rated,Not Rated,4,5,Not Rated,3,3,Not Rated,Not Rated,Not Rated,Not Rated,4,0,0.105, ,Not Rated,No,No,No,149,1,1,2007/FORD/TAURUS/2007 Ford Taurus 4-DR. w_SAB.png
2212,2007,GMC,ACADIA,2007 GMC Acadia 4-DR. w/SAB,,Not Rated,Not Rated,5,5,Not Rated,5,5,Not Rated,Not Rated,Not Rated,4,4,0.155,0.169,No Tip,Not Rated,Standard,No,No,431,5,2,2007/GMC/ACADIA/2007 GMC Acadia 4-DR. w_SAB.png
2069,2007,GMC,CANYON,2007 GMC Canyon Regular Cab,,Not Rated,Not Rated,4,4,Not Rated,4,Not Rated,Not Rated,Not Rated,Not Rated,4,4,0.179,0.185,No Tip,Not Rated,No,No,No,44,3,0,2007/GMC/CANYON/2007 GMC Canyon Regular Cab.png
2070,2007,GMC,CANYON,2007 GMC Canyon 4-DR.,,Not Rated,Not Rated,5,5,Not Rated,4,5,Not Rated,Not Rated,Not Rated,4,4,0.179,0.185,No Tip,Not Rated,No,No,No,44,3,0,2007/GMC/CANYON/2007 GMC Canyon 4-DR..png
2339,2007,GMC,CANYON,2007 GMC Canyon Extended Cab,,Not Rated,Not Rated,4,4,Not Rated,4,Not Rated,Not Rated,Not Rated,Not Rated,4,4,0.179,0.185,No Tip,Not Rated,No,No,No,44,3,0,2007/GMC/CANYON/2007 GMC Canyon Extended Cab.png
2080,2007,GMC,ENVOY,2007 GMC Envoy 4-DR.,,Not Rated,Not Rated,3,4,Not Rated,5,5,Not Rated,Not Rated,Not Rated,4,3,0.191,0.204,No Tip,Not Rated,Standard,No,No,276,5,4,2007/GMC/ENVOY/2007 GMC Envoy 4-DR..png
2388,2007,GMC,ENVOY,2007 GMC Envoy 4-DR. w/SAB,,Not Rated,Not Rated,3,4,Not Rated,5,5,Not Rated,Not Rated,Not Rated,4,3,0.191,0.204,No Tip,Not Rated,Standard,No,No,276,5,4,2007/GMC/ENVOY/2007 GMC Envoy 4-DR. w_SAB.png
2206,2007,GMC,SAVANA,2007 GMC Savana Van,,Not Rated,Not Rated,5,5,Not Rated,Not Rated,Not Rated,Not Rated,Not Rated,Not Rated,Not Rated,3,0,0.283, ,Not Rated,Optional,No,No,13,4,0,2007/GMC/SAVANA/2007 GMC Savana Van.png
2207,2007,GMC,SAVANA 3500 15 PASSENGER,2007 GMC Savana 3500 15 Passenger Van,,Not Rated,Not Rated,Not Rated,Not Rated,Not Rated,Not Rated,Not Rated,Not Rated,Not Rated,Not Rated,Not Rated,3,0,0.279, ,Not Rated,Standard,No,No,8,3,0,2007/GMC/SAVANA 3500 15 PASSENGER/2007 GMC Savana 3500 15 Passenger Van.png
2074,2007,GMC,SIERRA,2007 GMC Sierra 1500 Classic 4-DR.,,Not Rated,Not Rated,4,3,Not Rated,Not Rated,Not Rated,Not Rated,Not Rated,Not Rated,4,4,0.185,0.159,No Tip,Not Rated,No,No,No,340,6,3,2007/GMC/SIERRA/2007 GMC Sierra 1500 Classic 4-DR..png
2075,2007,GMC,SIERRA,2007 GMC Sierra 1500 Classic Regular Cab,,Not Rated,Not Rated,4,3,Not Rated,Not Rated,Not Rated,Not Rated,Not Rated,Not Rated,4,4,0.185,0.159,No Tip,Not Rated,No,No,No,340,6,3,2007/GMC/SIERRA/2007 GMC Sierra 1500 Classic Regular Cab.png
2208,2007,GMC,SIERRA,2007 GMC Sierra 1500 Regular Cab,,Not Rated,Not Rated,5,5,Not Rated,5,Not Rated,Not Rated,Not Rated,Not Rated,4,4,0.185,0.191,No Tip,Not Rated,No,No,No,340,6,3,2007/GMC/SIERRA/2007 GMC Sierra 1500 Regular Cab.png
2209,2007,GMC,SIERRA,2007 GMC Sierra 1500 4-DR.,,Not Rated,Not Rated,5,5,Not Rated,5,5,Not Rated,Not Rated,Not Rated,4,4,0.185,0.191,No Tip,Not Rated,Standard,No,No,340,6,3,2007/GMC/SIERRA/2007 GMC Sierra 1500 4-DR..png
2343,2007,GMC,SIERRA,2007 GMC Sierra 1500 Classic Extended Cab,,Not Rated,Not Rated,4,3,Not Rated,Not Rated,Not Rated,Not Rated,Not Rated,Not Rated,4,4,0.185,0.159,No Tip,Not Rated,No,No,No,340,6,3,2007/GMC/SIERRA/2007 GMC Sierra 1500 Classic Extended Cab.png
2344,2007,GMC,SIERRA,2007 GMC Sierra 1500 Extended Cab,,Not Rated,Not Rated,5,5,Not Rated,5,5,Not Rated,Not Rated,Not Rated,4,4,0.185,0.191,No Tip,Not Rated,Optional,No,No,340,6,3,2007/GMC/SIERRA/2007 GMC Sierra 1500 Extended Cab.png
2549,2007,GMC,SIERRA,2007 GMC Sierra 1500 4-DR. w/SAB,,Not Rated,Not Rated,5,5,Not Rated,5,5,Not Rated,Not Rated,Not Rated,4,4,0.185,0.191,No Tip,Not Rated,Standard,No,No,340,6,3,2007/GMC/SIERRA/2007 GMC Sierra 1500 4-DR. w_SAB.png
2552,2007,GMC,SIERRA,2007 GMC Sierra 1500 Extended Cab w/SAB,,Not Rated,Not Rated,5,5,Not Rated,5,5,Not Rated,Not Rated,Not Rated,4,4,0.185,0.191,No Tip,Not Rated,Optional,No,No,340,6,3,2007/GMC/SIERRA/2007 GMC Sierra 1500 Extended Cab w_SAB.png
2553,2007,GMC,SIERRA,2007 GMC Sierra 1500 Regular Cab w/SAB,,Not Rated,Not Rated,5,5,Not Rated,5,Not Rated,Not Rated,Not Rated,Not Rated,4,4,0.185,0.191,No Tip,Not Rated,No,No,No,340,6,3,2007/GMC/SIERRA/2007 GMC Sierra 1500 Regular Cab w_SAB.png
1995,2007,GMC,YUKON,2007 GMC Yukon 4-DR. w/SAB,,Not Rated,Not Rated,5,5,Not Rated,5,5,Not Rated,Not Rated,Not Rated,3,3,0.228,0.246,No Tip,Not Rated,Standard,No,No,772,4,5,2007/GMC/YUKON/2007 GMC Yukon 4-DR. w_SAB.png
2001,2007,GMC,YUKON XL,2007 GMC Yukon XL  4-DR. w/SAB,,Not Rated,Not Rated,5,5,Not Rated,5,5,Not Rated,Not Rated,Not Rated,3,3,0.237,0.237,No Tip,Not Rated,Standard,No,No,772,4,5,2007/GMC/YUKON XL/2007 GMC Yukon XL  4-DR. w_SAB.png
2134,2007,HONDA,ACCORD,2007 Honda Accord 4-DR. w/SAB,,Not Rated,Not Rated,5,5,Not Rated,4,4,Not Rated,Not Rated,Not Rated,Not Rated,4,0,0.107, ,Not Rated,Optional,No,No,524,10,4,2007/HONDA/ACCORD/2007 Honda Accord 4-DR. w_SAB.png
2135,2007,HONDA,ACCORD,2007 Honda Accord 2-DR. w/SAB,,Not Rated,Not Rated,5,5,Not Rated,4,5,Not Rated,Not Rated,Not Rated,Not Rated,4,0,0.103, ,Not Rated,Optional,No,No,524,10,4,2007/HONDA/ACCORD/2007 Honda Accord 2-DR. w_SAB.png
2133,2007,HONDA,ACCORD HYBRID,2007 Honda Accord Hybrid 4-DR w/SAB,,Not Rated,Not Rated,5,5,Not Rated,4,4,Not Rated,Not Rated,Not Rated,Not Rated,4,0,0.107, ,Not Rated,Standard,No,No,525,10,5,2007/HONDA/ACCORD HYBRID/2007 Honda Accord Hybrid 4-DR w_SAB.png
2130,2007,HONDA,CIVIC,2007 Honda Civic 4-DR. w/SAB,,Not Rated,Not Rated,5,5,Not Rated,4,5,Not Rated,Not Rated,Not Rated,Not Rated,4,0,0.105, ,Not Rated,Optional,No,No,1203,9,0,2007/HONDA/CIVIC/2007 Honda Civic 4-DR. w_SAB.png
2131,2007,HONDA,CIVIC,2007 Honda Civic 2-DR. w/SAB,,Not Rated,Not Rated,5,5,Not Rated,4,5,Not Rated,Not Rated,Not Rated,Not Rated,4,0,0.103, ,Not Rated,Optional,No,No,1203,9,0,2007/HONDA/CIVIC/2007 Honda Civic 2-DR. w_SAB.png
2223,2007,HONDA,CIVIC,2007 Honda Civic GX (CNG) 4-DR. w/SAB,,Not Rated,Not Rated,5,5,Not Rated,4,5,Not Rated,Not Rated,Not Rated,Not Rated,Not Rated,0,0, ,Not Rated,No,No,No,1205,9,0,2007/HONDA/CIVIC/2007 Honda Civic GX (CNG) 4-DR. w_SAB.png
2129,2007,HONDA,CIVIC HYBRID,2007 Honda Civic Hybrid 4-DR. w/SAB,,Not Rated,Not Rated,5,5,Not Rated,4,5,Not Rated,Not Rated,Not Rated,Not Rated,4,0,0.105, ,Not Rated,No,No,No,1267,10,1,2007/HONDA/CIVIC HYBRID/2007 Honda Civic Hybrid 4-DR. w_SAB.png
2222,2007,HONDA,CR-V,2007 Honda CR-V w/SAB,,Not Rated,Not Rated,5,5,Not Rated,5,5,Not Rated,Not Rated,Not Rated,4,4,0.155,0.174,No Tip,Not Rated,Standard,No,No,882,12,0,2007/HONDA/CR-V/2007 Honda CR-V w_SAB.png
2132,2007,HONDA,ELEMENT,2007 Honda Element 4-DR. w/SAB,,Not Rated,Not Rated,5,5,Not Rated,5,5,Not Rated,Not Rated,Not Rated,3,3,0.204,0.219,No Tip,Not Rated,Standard,No,No,112,12,4,2007/HONDA/ELEMENT/2007 Honda Element 4-DR. w_SAB.png
2003,2007,HONDA,FIT,2007 Honda Fit 4-DR. w/SAB,,Not Rated,Not Rated,5,5,Not Rated,5,3,Not Rated,Not Rated,Not Rated,Not Rated,4,0,0.133, ,Not Rated,No,No,No,369,11,1,2007/HONDA/FIT/2007 Honda Fit 4-DR. w_SAB.png
2139,2007,HONDA,ODYSSEY,2007 Honda Odyssey w/SAB,,Not Rated,Not Rated,5,5,Not Rated,5,5,Not Rated,Not Rated,Not Rated,Not Rated,4,0,0.14, ,Not Rated,Standard,No,No,826,5,3,2007/HONDA/ODYSSEY/2007 Honda Odyssey w_SAB.png
2138,2007,HONDA,PILOT,2007 Honda Pilot 4-DR. w/SAB,,Not Rated,Not Rated,5,5,Not Rated,5,5,Not Rated,Not Rated,Not Rated,4,4,0.159,0.164,No Tip,Not Rated,Standard,No,No,210,9,3,2007/HONDA/PILOT/2007 Honda Pilot 4-DR. w_SAB.png
2136,2007,HONDA,RIDGELINE,2007 Honda Ridgeline 4-DR. w/SAB,,Not Rated,Not Rated,5,5,Not Rated,5,5,Not Rated,Not Rated,Not Rated,4,Not Rated,0.143,0,No Tip,Not Rated,Standard,No,No,160,10,0,2007/HONDA/RIDGELINE/2007 Honda Ridgeline 4-DR. w_SAB.png
2137,2007,HONDA,S2000,2007 Honda S2000 Convertible,,Not Rated,Not Rated,4,4,Not Rated,5,Not Rated,Not Rated,Not Rated,Not Rated,Not Rated,5,0,0.082, ,Not Rated,Standard,No,No,3,1,0,2007/HONDA/S2000/2007 Honda S2000 Convertible.png
2213,2007,HUMMER,H2,2007 Hummer H2 4-DR,https://static.nhtsa.gov/images/vehicles/3149_st0640_046.png,Not Rated,Not Rated,Not Rated,Not Rated,Not Rated,Not Rated,Not Rated,Not Rated,Not Rated,Not Rated,Not Rated,Not Rated,0,0, ,Not Rated,No,No,No,11,2,2,2007/HUMMER/H2/2007 Hummer H2 4-DR.png
2221,2007,HUMMER,H2,2007 Hummer H2 4-DR Pickup,https://static.nhtsa.gov/images/vehicles/3149_st0640_046.png,Not Rated,Not Rated,Not Rated,Not Rated,Not Rated,Not Rated,Not Rated,Not Rated,Not Rated,Not Rated,Not Rated,Not Rated,0,0, ,Not Rated,No,No,No,11,2,2,2007/HUMMER/H2/2007 Hummer H2 4-DR Pickup.png
2213,2007,HUMMER,H2 4-DR,2007 Hummer H2 4-DR,,Not Rated,Not Rated,Not Rated,Not Rated,Not Rated,Not Rated,Not Rated,Not Rated,Not Rated,Not Rated,Not Rated,Not Rated,0,0, ,Not Rated,No,No,No,11,2,2,2007/HUMMER/H2 4-DR/2007 Hummer H2 4-DR.png
2221,2007,HUMMER,H2 4-DR Pickup,2007 Hummer H2 4-DR Pickup,,Not Rated,Not Rated,Not Rated,Not Rated,Not Rated,Not Rated,Not Rated,Not Rated,Not Rated,Not Rated,Not Rated,Not Rated,0,0, ,Not Rated,No,No,No,11,2,2,2007/HUMMER/H2 4-DR Pickup/2007 Hummer H2 4-DR Pickup.png
2214,2007,HUMMER,H3,2007 Hummer H3 4-DR,,Not Rated,Not Rated,5,4,Not Rated,5,5,Not Rated,Not Rated,Not Rated,3,Not Rated,0.246,0,No Tip,Not Rated,Standard,No,No,236,2,0,2007/HUMMER/H3/2007 Hummer H3 4-DR.png
2390,2007,HUMMER,H3,2007 Hummer H3 4-DR w/SAB,,Not Rated,Not Rated,5,4,Not Rated,5,5,Not Rated,Not Rated,Not Rated,3,Not Rated,0.246,0,No Tip,Not Rated,Standard,No,No,236,2,0,2007/HUMMER/H3/2007 Hummer H3 4-DR w_SAB.png
2322,2007,HYUNDAI,ACCENT,2007 Hyundai Accent 4-DR. w/SAB,,Not Rated,Not Rated,5,5,Not Rated,4,3,Not Rated,Not Rated,Not Rated,Not Rated,4,0,0.124, ,Not Rated,No,No,No,88,3,1,2007/HYUNDAI/ACCENT/2007 Hyundai Accent 4-DR. w_SAB.png
2364,2007,HYUNDAI,ACCENT,2007 Hyundai Accent 2-DR. w/SAB,,Not Rated,Not Rated,Not Rated,Not Rated,Not Rated,Not Rated,Not Rated,Not Rated,Not Rated,Not Rated,Not Rated,Not Rated,0,0, ,Not Rated,No,No,No,88,3,1,2007/HYUNDAI/ACCENT/2007 Hyundai Accent 2-DR. w_SAB.png
2326,2007,HYUNDAI,AZERA,2007 Hyundai Azera 4-DR w/SAB,,Not Rated,Not Rated,4,4,Not Rated,5,4,Not Rated,Not Rated,Not Rated,Not Rated,4,0,0.107, ,Not Rated,Standard,No,No,131,9,2,2007/HYUNDAI/AZERA/2007 Hyundai Azera 4-DR w_SAB.png
2323,2007,HYUNDAI,ELANTRA,2007 Hyundai Elantra 4-DR. w/SAB,,Not Rated,Not Rated,5,5,Not Rated,4,4,Not Rated,Not Rated,Not Rated,Not Rated,4,0,0.107, ,Not Rated,No,No,No,264,6,3,2007/HYUNDAI/ELANTRA/2007 Hyundai Elantra 4-DR. w_SAB.png
2330,2007,HYUNDAI,ENTOURAGE,2007 Hyundai Entourage Van w/SAB,,Not Rated,Not Rated,5,5,Not Rated,5,5,Not Rated,Not Rated,Not Rated,Not Rated,4,0,0.136, ,Not Rated,Standard,No,No,213,6,1,2007/HYUNDAI/ENTOURAGE/2007 Hyundai Entourage Van w_SAB.png
2328,2007,HYUNDAI,SANTA FE,2007 Hyundai Santa Fe 4-DR w/SAB,,Not Rated,Not Rated,5,5,Not Rated,5,5,Not Rated,Not Rated,Not Rated,4,4,0.169,0.174,No Tip,Not Rated,Standard,No,No,680,9,2,2007/HYUNDAI/SANTA FE/2007 Hyundai Santa Fe 4-DR w_SAB.png
2325,2007,HYUNDAI,SONATA,2007 Hyundai Sonata 4-DR w/SAB,,Not Rated,Not Rated,5,5,Not Rated,5,5,Not Rated,Not Rated,Not Rated,Not Rated,4,0,0.103, ,Not Rated,Standard,No,No,694,7,5,2007/HYUNDAI/SONATA/2007 Hyundai Sonata 4-DR w_SAB.png
2324,2007,HYUNDAI,TIBURON,2007 Hyundai Tiburon 2-DR. w/SAB,,Not Rated,Not Rated,5,4,Not Rated,4,Not Rated,Not Rated,Not Rated,Not Rated,Not Rated,4,0,0.109, ,Not Rated,Optional,No,No,42,1,0,2007/HYUNDAI/TIBURON/2007 Hyundai Tiburon 2-DR. w_SAB.png
2327,2007,HYUNDAI,TUCSON,2007 Hyundai Tucson 4-DR w/SAB,,Not Rated,Not Rated,5,5,Not Rated,5,5,Not Rated,Not Rated,Not Rated,4,4,0.179,0.198,No Tip,Not Rated,Standard,No,No,65,5,1,2007/HYUNDAI/TUCSON/2007 Hyundai Tucson 4-DR w_SAB.png
2376,2007,HYUNDAI,VERACRUZ,2007 Hyundai Veracruz 4-DR. w/SAB,,Not Rated,Not Rated,5,5,Not Rated,5,5,Not Rated,Not Rated,Not Rated,4,4,0.159,0.169,No Tip,Not Rated,Standard,No,No,143,6,1,2007/HYUNDAI/VERACRUZ/2007 Hyundai Veracruz 4-DR. w_SAB.png
2159,2007,INFINITI,FX35/45,2007 Infiniti FX35/45 4-DR. w/SAB,,Not Rated,Not Rated,5,5,Not Rated,5,5,Not Rated,Not Rated,Not Rated,4,4,0.151,0.159,No Tip,Not Rated,Standard,No,No,41,4,1,2007/INFINITI/FX35/45/2007 Infiniti FX35_45 4-DR. w_SAB.png
2258,2007,INFINITI,G35 COUPE,2007 Infiniti G35 Coupe 2-DR w/SAB,,Not Rated,Not Rated,Not Rated,Not Rated,Not Rated,Not Rated,Not Rated,Not Rated,Not Rated,Not Rated,Not Rated,Not Rated,0,0, ,Not Rated,Standard,No,No,114,3,0,2007/INFINITI/G35 COUPE/2007 Infiniti G35 Coupe 2-DR w_SAB.png
2259,2007,INFINITI,G35 SEDAN,2007 Infiniti G35 Sedan 4-DR w/SAB,,Not Rated,Not Rated,Not Rated,Not Rated,Not Rated,Not Rated,Not Rated,Not Rated,Not Rated,Not Rated,Not Rated,Not Rated,0,0, ,Not Rated,Standard,No,No,113,3,0,2007/INFINITI/G35 SEDAN/2007 Infiniti G35 Sedan 4-DR w_SAB.png
2257,2007,INFINITI,M35/45,2007 Infiniti M35/45 4-DR. w/SAB,,Not Rated,Not Rated,Not Rated,Not Rated,Not Rated,Not Rated,Not Rated,Not Rated,Not Rated,Not Rated,Not Rated,Not Rated,0,0, ,Not Rated,Standard,No,No,184,5,1,2007/INFINITI/M35/45/2007 Infiniti M35_45 4-DR. w_SAB.png
2158,2007,INFINITI,QX56,2007 Infiniti QX56 4-DR w/SAB,,Not Rated,Not Rated,4,5,Not Rated,Not Rated,Not Rated,Not Rated,Not Rated,Not Rated,3,3,0.219,0.212,No Tip,Not Rated,Standard,No,No,21,2,0,2007/INFINITI/QX56/2007 Infiniti QX56 4-DR w_SAB.png
2362,2007,ISUZU,ASCENDER 5,2007 Isuzu Ascender 5 4-DR,,Not Rated,Not Rated,3,4,Not Rated,5,5,Not Rated,Not Rated,Not Rated,4,3,0.191,0.204,No Tip,Not Rated,Standard,No,No,9,4,2,2007/ISUZU/ASCENDER 5/2007 Isuzu Ascender 5 4-DR.png
2389,2007,ISUZU,ASCENDER 5,2007 Isuzu Ascender 5 4-DR w/SAB,,Not Rated,Not Rated,3,4,Not Rated,5,5,Not Rated,Not Rated,Not Rated,4,3,0.191,0.204,No Tip,Not Rated,Standard,No,No,9,4,2,2007/ISUZU/ASCENDER 5/2007 Isuzu Ascender 5 4-DR w_SAB.png
2083,2007,ISUZU,ASCENDER 7,2007 Isuzu Ascender 7 4-DR,,Not Rated,Not Rated,4,4,Not Rated,Not Rated,Not Rated,Not Rated,Not Rated,Not Rated,4,3,0.198,0.228,No Tip,Not Rated,Standard,No,No,9,4,2,2007/ISUZU/ASCENDER 7/2007 Isuzu Ascender 7 4-DR.png
2340,2007,ISUZU,I-290,2007 Isuzu I-290 Extended Cab,,Not Rated,Not Rated,4,4,Not Rated,4,Not Rated,Not Rated,Not Rated,Not Rated,4,4,0.179,0.185,No Tip,Not Rated,No,No,No,11,2,0,2007/ISUZU/I-290/2007 Isuzu I-290 Extended Cab.png
2071,2007,ISUZU,I-370,2007 Isuzu I-370 4-DR,,Not Rated,Not Rated,5,5,Not Rated,4,5,Not Rated,Not Rated,Not Rated,4,4,0.179,0.185,No Tip,Not Rated,No,No,No,6,2,0,2007/ISUZU/I-370/2007 Isuzu I-370 4-DR.png
2105,2007,JAGUAR,S-TYPE,2007 Jaguar S-Type 4-DR. w/SAB,,Not Rated,Not Rated,Not Rated,Not Rated,Not Rated,4,5,Not Rated,Not Rated,Not Rated,Not Rated,5,0,0.09, ,Not Rated,Standard,No,No,6,1,0,2007/JAGUAR/S-TYPE/2007 Jaguar S-Type 4-DR. w_SAB.png
2104,2007,JAGUAR,X-TYPE,2007 Jaguar X-Type 4-DR. w/SAB,,Not Rated,Not Rated,Not Rated,Not Rated,Not Rated,4,4,Not Rated,Not Rated,Not Rated,4,Not Rated,0.105,0,No Tip,Not Rated,Standard,No,No,34,3,1,2007/JAGUAR/X-TYPE/2007 Jaguar X-Type 4-DR. w_SAB.png
2226,2007,JAGUAR,X-TYPE WAGON,2007 Jaguar X-Type 4-DR. Wagon w/SAB,,Not Rated,Not Rated,Not Rated,Not Rated,Not Rated,Not Rated,Not Rated,Not Rated,Not Rated,Not Rated,Not Rated,Not Rated,0,0, ,Not Rated,Standard,No,No,32,2,1,2007/JAGUAR/X-TYPE WAGON/2007 Jaguar X-Type 4-DR. Wagon w_SAB.png
2227,2007,JAGUAR,XJ,2007 Jaguar XJ 4-DR w/SAB,,Not Rated,Not Rated,Not Rated,Not Rated,Not Rated,Not Rated,Not Rated,Not Rated,Not Rated,Not Rated,Not Rated,Not Rated,0,0, ,Not Rated,Standard,No,No,17,1,1,2007/JAGUAR/XJ/2007 Jaguar XJ 4-DR w_SAB.png
2228,2007,JAGUAR,XK,2007 Jaguar XK 2-DR w/SAB,,Not Rated,Not Rated,Not Rated,Not Rated,Not Rated,Not Rated,Not Rated,Not Rated,Not Rated,Not Rated,Not Rated,Not Rated,0,0, ,Not Rated,Standard,No,No,30,2,0,2007/JAGUAR/XK/2007 Jaguar XK 2-DR w_SAB.png
2229,2007,JAGUAR,XK,2007 Jaguar XK Convertible w/SAB,,Not Rated,Not Rated,Not Rated,Not Rated,Not Rated,Not Rated,Not Rated,Not Rated,Not Rated,Not Rated,Not Rated,Not Rated,0,0, ,Not Rated,Standard,No,No,30,2,0,2007/JAGUAR/XK/2007 Jaguar XK Convertible w_SAB.png
2022,2007,JEEP,COMMANDER,2007 Jeep Commander 4-DR. w/SAB,,Not Rated,Not Rated,5,5,Not Rated,Not Rated,Not Rated,Not Rated,Not Rated,Not Rated,3,Not Rated,0.228,0,No Tip,Not Rated,Standard,No,No,1034,6,4,2007/JEEP/COMMANDER/2007 Jeep Commander 4-DR. w_SAB.png
2186,2007,JEEP,COMPASS,2007 Jeep Compass 4-DR. w/SAB,,Not Rated,Not Rated,4,4,Not Rated,5,5,Not Rated,Not Rated,Not Rated,4,4,0.164,0.185,No Tip,Not Rated,Standard,No,No,431,5,0,2007/JEEP/COMPASS/2007 Jeep Compass 4-DR. w_SAB.png
2021,2007,JEEP,GRAND CHEROKEE,2007 Jeep Grand Cherokee 4-DR. w/SAB,,Not Rated,Not Rated,5,5,Not Rated,5,5,Not Rated,Not Rated,Not Rated,4,3,0.191,0.204,No Tip,Not Rated,Standard,No,No,1107,7,2,2007/JEEP/GRAND CHEROKEE/2007 Jeep Grand Cherokee 4-DR. w_SAB.png
2020,2007,JEEP,LIBERTY,2007 Jeep Liberty 4-DR.,,Not Rated,Not Rated,5,4,Not Rated,5,5,Not Rated,Not Rated,Not Rated,3,3,0.219,0.246,No Tip,Not Rated,Standard,No,No,703,7,3,2007/JEEP/LIBERTY/2007 Jeep Liberty 4-DR..png
2187,2007,JEEP,PATRIOT,2007 Jeep Patriot 4-DR. w/SAB,,Not Rated,Not Rated,4,5,Not Rated,5,5,Not Rated,Not Rated,Not Rated,4,4,0.164,0.185,No Tip,Not Rated,Standard,No,No,270,2,1,2007/JEEP/PATRIOT/2007 Jeep Patriot 4-DR. w_SAB.png
2184,2007,JEEP,WRANGLER,2007 Jeep Wrangler 2-DR.,,Not Rated,Not Rated,5,5,Not Rated,Not Rated,Not Rated,Not Rated,Not Rated,Not Rated,3,4,0.279,0.198,No Tip,Not Rated,Standard,No,No,1054,10,10,2007/JEEP/WRANGLER/2007 Jeep Wrangler 2-DR..png
2185,2007,JEEP,WRANGLER,2007 Jeep Wrangler Unlimited 4-DR.,,Not Rated,Not Rated,5,5,Not Rated,Not Rated,Not Rated,Not Rated,Not Rated,Not Rated,3,4,0.279,0.198,No Tip,Not Rated,Standard,No,No,1399,10,11,2007/JEEP/WRANGLER/2007 Jeep Wrangler Unlimited 4-DR..png
2334,2007,KIA,AMANTI,2007 Kia Amanti 4-DR w/SAB,,Not Rated,Not Rated,Not Rated,Not Rated,Not Rated,Not Rated,Not Rated,Not Rated,Not Rated,Not Rated,Not Rated,Not Rated,0,0, ,Not Rated,Optional,No,No,15,2,0,2007/KIA/AMANTI/2007 Kia Amanti 4-DR w_SAB.png
2333,2007,KIA,OPTIMA,2007 Kia Optima 4-DR w/SAB,,Not Rated,Not Rated,5,5,Not Rated,5,5,Not Rated,Not Rated,Not Rated,Not Rated,4,0,0.111, ,Not Rated,Optional,No,No,166,2,3,2007/KIA/OPTIMA/2007 Kia Optima 4-DR w_SAB.png
2331,2007,KIA,RIO,2007 Kia Rio 4-DR. w/SAB,,Not Rated,Not Rated,4,5,Not Rated,4,3,Not Rated,Not Rated,Not Rated,Not Rated,4,0,0.118, ,Not Rated,No,No,No,46,1,0,2007/KIA/RIO/2007 Kia Rio 4-DR. w_SAB.png
2337,2007,KIA,RONDO,2007 Kia Rondo 4-DR. w/SAB,,Not Rated,Not Rated,5,5,Not Rated,5,4,Not Rated,Not Rated,Not Rated,Not Rated,4,0,0.133, ,Not Rated,Optional,No,No,117,3,1,2007/KIA/RONDO/2007 Kia Rondo 4-DR. w_SAB.png
2329,2007,KIA,SEDONA,2007 Kia Sedona Van LWB w/SAB,,Not Rated,Not Rated,5,5,Not Rated,5,5,Not Rated,Not Rated,Not Rated,Not Rated,4,0,0.136, ,Not Rated,Standard,No,No,156,6,0,2007/KIA/SEDONA/2007 Kia Sedona Van LWB w_SAB.png
2395,2007,KIA,SEDONA,2007 Kia Sedona Van SWB w/SAB,,Not Rated,Not Rated,5,5,Not Rated,5,5,Not Rated,Not Rated,Not Rated,Not Rated,4,0,0.136, ,Not Rated,Standard,No,No,156,6,0,2007/KIA/SEDONA/2007 Kia Sedona Van SWB w_SAB.png
2336,2007,KIA,SORENTO,2007 Kia Sorento 4-DR. w/SAB,,Not Rated,Not Rated,5,5,Not Rated,5,5,Not Rated,Not Rated,Not Rated,4,3,0.191,0.212,No Tip,Not Rated,Standard,No,No,154,4,3,2007/KIA/SORENTO/2007 Kia Sorento 4-DR. w_SAB.png
2332,2007,KIA,SPECTRA,2007 Kia Spectra 4-DR w/SAB,,Not Rated,Not Rated,5,5,Not Rated,4,4,Not Rated,Not Rated,Not Rated,Not Rated,4,0,0.133, ,Not Rated,No,No,No,162,1,1,2007/KIA/SPECTRA/2007 Kia Spectra 4-DR w_SAB.png
2394,2007,KIA,SPECTRA,2007 Kia Spectra 5-DR w/SAB,,Not Rated,Not Rated,5,5,Not Rated,4,4,Not Rated,Not Rated,Not Rated,Not Rated,4,0,0.133, ,Not Rated,No,No,No,162,1,1,2007/KIA/SPECTRA/2007 Kia Spectra 5-DR w_SAB.png
2335,2007,KIA,SPORTAGE,2007 Kia Sportage 4-DR w/SAB,,Not Rated,Not Rated,5,5,Not Rated,5,5,Not Rated,Not Rated,Not Rated,4,3,0.174,0.204,No Tip,Not Rated,Standard,No,No,77,2,0,2007/KIA/SPORTAGE/2007 Kia Sportage 4-DR w_SAB.png
2377,2007,LAND ROVER,LR2,2007 Land Rover LR2 4-DR w/SAB,,Not Rated,Not Rated,Not Rated,Not Rated,Not Rated,Not Rated,Not Rated,Not Rated,Not Rated,Not Rated,Not Rated,Not Rated,0,0, ,Not Rated,Standard,No,No,0,0,0,2007/LAND ROVER/LR2/2007 Land Rover LR2 4-DR w_SAB.png
2230,2007,LAND ROVER,LR3,2007 Land Rover LR3 4-DR w/SAB,,Not Rated,Not Rated,Not Rated,Not Rated,Not Rated,Not Rated,Not Rated,Not Rated,Not Rated,Not Rated,Not Rated,Not Rated,0,0, ,Not Rated,Standard,No,No,17,1,0,2007/LAND ROVER/LR3/2007 Land Rover LR3 4-DR w_SAB.png
2231,2007,LAND ROVER,RANGE ROVER,2007 Land Rover Range Rover 4-DR w/SAB,,Not Rated,Not Rated,Not Rated,Not Rated,Not Rated,Not Rated,Not Rated,Not Rated,Not Rated,Not Rated,Not Rated,Not Rated,0,0, ,Not Rated,Standard,No,No,22,4,0,2007/LAND ROVER/RANGE ROVER/2007 Land Rover Range Rover 4-DR w_SAB.png
2232,2007,LAND ROVER,RANGE ROVER SPORT,2007 Land Rover Range Rover Sport 4-DR w/SAB,,Not Rated,Not Rated,Not Rated,Not Rated,Not Rated,Not Rated,Not Rated,Not Rated,Not Rated,Not Rated,Not Rated,Not Rated,0,0, ,Not Rated,Standard,No,No,22,4,0,2007/LAND ROVER/RANGE ROVER SPORT/2007 Land Rover Range Rover Sport 4-DR w_SAB.png
2286,2007,LEXUS,ES350,2007 Lexus ES350 w/SAB,,Not Rated,Not Rated,5,5,Not Rated,5,4,Not Rated,Not Rated,Not Rated,Not Rated,4,0,0.109, ,Not Rated,Standard,No,No,661,5,4,2007/LEXUS/ES350/2007 Lexus ES350 w_SAB.png
2284,2007,LEXUS,GS350/430,2007 Lexus GS350/430 w/SAB,,Not Rated,Not Rated,Not Rated,Not Rated,Not Rated,Not Rated,Not Rated,Not Rated,Not Rated,Not Rated,Not Rated,Not Rated,0,0, ,Not Rated,Standard,No,No,82,7,1,2007/LEXUS/GS350/430/2007 Lexus GS350_430 w_SAB.png
2285,2007,LEXUS,GS450H,2007 Lexus GS450h w/SAB,,Not Rated,Not Rated,Not Rated,Not Rated,Not Rated,Not Rated,Not Rated,Not Rated,Not Rated,Not Rated,Not Rated,Not Rated,0,0, ,Not Rated,Standard,No,No,47,5,2,2007/LEXUS/GS450H/2007 Lexus GS450h w_SAB.png
2280,2007,LEXUS,GX470,2007 Lexus GX470 4-DR w/SAB,,Not Rated,Not Rated,Not Rated,Not Rated,Not Rated,Not Rated,Not Rated,Not Rated,Not Rated,Not Rated,Not Rated,Not Rated,0,0, ,Not Rated,Standard,No,No,39,0,0,2007/LEXUS/GX470/2007 Lexus GX470 4-DR w_SAB.png
2283,2007,LEXUS,IS250/350,2007 Lexus IS250/350 4-DR w/SAB,,Not Rated,Not Rated,Not Rated,Not Rated,Not Rated,Not Rated,Not Rated,Not Rated,Not Rated,Not Rated,Not Rated,Not Rated,0,0, ,Not Rated,Standard,No,No,385,11,1,2007/LEXUS/IS250/350/2007 Lexus IS250_350 4-DR w_SAB.png
2287,2007,LEXUS,LS460/460L,2007 Lexus LS460/460L w/SAB,,Not Rated,Not Rated,Not Rated,Not Rated,Not Rated,Not Rated,Not Rated,Not Rated,Not Rated,Not Rated,Not Rated,Not Rated,0,0, ,Not Rated,Standard,No,No,138,3,0,2007/LEXUS/LS460/460L/2007 Lexus LS460_460L w_SAB.png
2281,2007,LEXUS,LX470,2007 Lexus LX470 4-DR w/SAB,,Not Rated,Not Rated,Not Rated,Not Rated,Not Rated,Not Rated,Not Rated,Not Rated,Not Rated,Not Rated,Not Rated,Not Rated,0,0, ,Not Rated,Standard,No,No,4,1,0,2007/LEXUS/LX470/2007 Lexus LX470 4-DR w_SAB.png
2288,2007,LEXUS,RX350,2007 Lexus RX350 w/SAB,,Not Rated,Not Rated,Not Rated,Not Rated,Not Rated,Not Rated,Not Rated,Not Rated,Not Rated,Not Rated,Not Rated,Not Rated,0,0, ,Not Rated,Standard,No,No,224,1,1,2007/LEXUS/RX350/2007 Lexus RX350 w_SAB.png
2279,2007,LEXUS,RX400H,2007 Lexus RX400h 4-DR w/SAB,,Not Rated,Not Rated,Not Rated,Not Rated,Not Rated,Not Rated,Not Rated,Not Rated,Not Rated,Not Rated,Not Rated,Not Rated,0,0, ,Not Rated,Standard,No,No,116,3,3,2007/LEXUS/RX400H/2007 Lexus RX400h 4-DR w_SAB.png
2282,2007,LEXUS,SC430,2007 Lexus SC430 Convertible w/SAB,,Not Rated,Not Rated,Not Rated,Not Rated,Not Rated,Not Rated,Not Rated,Not Rated,Not Rated,Not Rated,Not Rated,Not Rated,0,0, ,Not Rated,Standard,No,No,18,3,1,2007/LEXUS/SC430/2007 Lexus SC430 Convertible w_SAB.png
2041,2007,LINCOLN,MARK LT,2007 Lincoln Mark LT 4-DR.,,Not Rated,Not Rated,5,5,Not Rated,Not Rated,Not Rated,Not Rated,Not Rated,Not Rated,4,4,0.198,0.174,No Tip,Not Rated,Standard,No,No,7,0,1,2007/LINCOLN/MARK LT/2007 Lincoln Mark LT 4-DR..png
2193,2007,LINCOLN,MKX,2007 Lincoln MKX 4-DR. w/SAB,,Not Rated,Not Rated,5,4,Not Rated,5,5,Not Rated,Not Rated,Not Rated,4,4,0.14,0.159,No Tip,Not Rated,Standard,No,No,298,6,2,2007/LINCOLN/MKX/2007 Lincoln MKX 4-DR. w_SAB.png
2191,2007,LINCOLN,MKZ,2007 Lincoln MKZ 4-DR. w/SAB (Zephyr),,Not Rated,Not Rated,4,4,Not Rated,5,4,Not Rated,Not Rated,Not Rated,5,4,0.092,0.105,No Tip,Not Rated,No,No,No,257,5,3,2007/LINCOLN/MKZ/2007 Lincoln MKZ 4-DR. w_SAB (Zephyr).png
2062,2007,LINCOLN,NAVIGATOR,2007 Lincoln Navigator 4 DR. w/SAB,,Not Rated,Not Rated,5,5,Not Rated,Not Rated,Not Rated,Not Rated,Not Rated,Not Rated,4,Not Rated,0.191,0,No Tip,Not Rated,Standard,No,No,45,2,0,2007/LINCOLN/NAVIGATOR/2007 Lincoln Navigator 4 DR. w_SAB.png
2042,2007,LINCOLN,TOWN CAR,2007 Lincoln Town Car 4-DR. w/SAB,,Not Rated,Not Rated,5,5,Not Rated,5,5,Not Rated,Not Rated,Not Rated,Not Rated,5,0,0.095, ,Not Rated,No,No,No,84,3,1,2007/LINCOLN/TOWN CAR/2007 Lincoln Town Car 4-DR. w_SAB.png
2122,2007,MAZDA,B-SERIES,2007 Mazda B-Series 2-DR.,,Not Rated,Not Rated,5,4,Not Rated,5,Not Rated,Not Rated,Not Rated,Not Rated,2,3,0.306,0.219,No Tip,Not Rated,No,No,No,37,3,0,2007/MAZDA/B-SERIES/2007 Mazda B-Series 2-DR..png
2123,2007,MAZDA,B-SERIES,2007 Mazda B-Series Extended Cab,,Not Rated,Not Rated,5,4,Not Rated,4,Not Rated,Not Rated,Not Rated,Not Rated,2,3,0.306,0.219,No Tip,Not Rated,No,No,No,37,3,0,2007/MAZDA/B-SERIES/2007 Mazda B-Series Extended Cab.png
2002,2007,MAZDA,CX-7,2007 Mazda CX-7 4-DR. w/SAB,,Not Rated,Not Rated,5,5,Not Rated,5,5,Not Rated,Not Rated,Not Rated,4,4,0.147,0.147,No Tip,Not Rated,Standard,No,No,527,5,0,2007/MAZDA/CX-7/2007 Mazda CX-7 4-DR. w_SAB.png
2235,2007,MAZDA,CX-9,2007 Mazda CX-9 4-DR.w/SAB,,Not Rated,Not Rated,5,5,Not Rated,5,5,Not Rated,Not Rated,Not Rated,4,4,0.143,0.151,No Tip,Not Rated,Standard,No,No,86,6,1,2007/MAZDA/CX-9/2007 Mazda CX-9 4-DR.w_SAB.png
2027,2007,MAZDA,MAZDA3,2007 Mazda3 4-DR.,,Not Rated,Not Rated,4,4,Not Rated,3,3,Not Rated,Not Rated,Not Rated,Not Rated,4,0,0.105, ,Not Rated,Optional,No,No,222,3,1,2007/MAZDA/MAZDA3/2007 Mazda3 4-DR..png
2028,2007,MAZDA,MAZDA3,2007 Mazda3 5-DR. Hatchback,,Not Rated,Not Rated,4,4,Not Rated,3,3,Not Rated,Not Rated,Not Rated,Not Rated,4,0,0.105, ,Not Rated,Optional,No,No,222,3,1,2007/MAZDA/MAZDA3/2007 Mazda3 5-DR. Hatchback.png
2233,2007,MAZDA,MAZDA5,2007 Mazda5 w/SAB,,Not Rated,Not Rated,Not Rated,Not Rated,Not Rated,Not Rated,Not Rated,Not Rated,Not Rated,Not Rated,Not Rated,Not Rated,0,0, ,Not Rated,No,No,No,61,2,1,2007/MAZDA/MAZDA5/2007 Mazda5 w_SAB.png
2029,2007,MAZDA,MAZDA6,2007 Mazda6 4-DR. w/SAB,,Not Rated,Not Rated,5,5,Not Rated,4,4,Not Rated,Not Rated,Not Rated,Not Rated,5,0,0.099, ,Not Rated,Optional,No,No,164,7,3,2007/MAZDA/MAZDA6/2007 Mazda6 4-DR. w_SAB.png
2030,2007,MAZDA,MAZDA6,2007 Mazda6 Wagon w/SAB,,Not Rated,Not Rated,5,5,Not Rated,4,4,Not Rated,Not Rated,Not Rated,Not Rated,4,0,0.109, ,Not Rated,No,No,No,164,7,3,2007/MAZDA/MAZDA6/2007 Mazda6 Wagon w_SAB.png
2031,2007,MAZDA,MAZDA6,2007 Mazda6 5-DR. Hatchback w/SAB,,Not Rated,Not Rated,5,5,Not Rated,4,4,Not Rated,Not Rated,Not Rated,Not Rated,5,0,0.099, ,Not Rated,No,No,No,164,7,3,2007/MAZDA/MAZDA6/2007 Mazda6 5-DR. Hatchback w_SAB.png
2234,2007,MAZDA,MX-5/ MIATA,2007 Mazda MX-5/Miata Convertible w/SAB,,Not Rated,Not Rated,Not Rated,Not Rated,Not Rated,Not Rated,Not Rated,Not Rated,Not Rated,Not Rated,Not Rated,Not Rated,0,0, ,Not Rated,Optional,No,No,17,0,0,2007/MAZDA/MX-5/ MIATA/2007 Mazda MX-5_Miata Convertible w_SAB.png
2026,2007,MAZDA,RX-8,2007 Mazda RX-8 2-DR. w/SAB,,Not Rated,Not Rated,4,5,Not Rated,4,4,Not Rated,Not Rated,Not Rated,Not Rated,5,0,0, ,Not Rated,Optional,No,No,38,5,3,2007/MAZDA/RX-8/2007 Mazda RX-8 2-DR. w_SAB.png
2162,2007,MERCEDES-BENZ,C-CLASS,2007 Mercedes-Benz C-Class 4-DR. w/SAB,,Not Rated,Not Rated,4,4,Not Rated,5,5,Not Rated,Not Rated,Not Rated,Not Rated,4,0,0.124, ,Not Rated,Standard,No,No,278,6,1,2007/MERCEDES-BENZ/C-CLASS/2007 Mercedes-Benz C-Class 4-DR. w_SAB.png
2236,2007,MERCEDES-BENZ,CL-CLASS,2007 Mercedes-Benz CL-Class 2-DR w/SAB,,Not Rated,Not Rated,Not Rated,Not Rated,Not Rated,Not Rated,Not Rated,Not Rated,Not Rated,Not Rated,Not Rated,Not Rated,0,0, ,Not Rated,Standard,No,No,9,1,0,2007/MERCEDES-BENZ/CL-CLASS/2007 Mercedes-Benz CL-Class 2-DR w_SAB.png
2244,2007,MERCEDES-BENZ,CLK-CLASS,2007 Mercedes-Benz CLK-Class Convertible w/SAB,,Not Rated,Not Rated,Not Rated,Not Rated,Not Rated,Not Rated,Not Rated,Not Rated,Not Rated,Not Rated,Not Rated,Not Rated,0,0, ,Not Rated,Standard,No,No,53,5,0,2007/MERCEDES-BENZ/CLK-CLASS/2007 Mercedes-Benz CLK-Class Convertible w_SAB.png
2238,2007,MERCEDES-BENZ,CLS-CLASS,2007 Mercedes-Benz CLS 4-DR. w/SAB,,Not Rated,Not Rated,Not Rated,Not Rated,Not Rated,Not Rated,Not Rated,Not Rated,Not Rated,Not Rated,Not Rated,Not Rated,0,0, ,Not Rated,Standard,No,No,40,4,0,2007/MERCEDES-BENZ/CLS-CLASS/2007 Mercedes-Benz CLS 4-DR. w_SAB.png
2163,2007,MERCEDES-BENZ,E-CLASS,2007 Mercedes-Benz E-Class 4-DR. w/SAB,,Not Rated,Not Rated,4,4,Not Rated,5,5,Not Rated,Not Rated,Not Rated,Not Rated,5,0,0.101, ,Not Rated,Standard,No,No,434,7,1,2007/MERCEDES-BENZ/E-CLASS/2007 Mercedes-Benz E-Class 4-DR. w_SAB.png
2354,2007,MERCEDES-BENZ,E-CLASS,2007 Mercedes-Benz E-Class Wagon 4-DR. w/SAB,,Not Rated,Not Rated,4,4,Not Rated,Not Rated,Not Rated,Not Rated,Not Rated,Not Rated,Not Rated,5,0,0.101, ,Not Rated,Standard,No,No,434,7,1,2007/MERCEDES-BENZ/E-CLASS/2007 Mercedes-Benz E-Class Wagon 4-DR. w_SAB.png
2245,2007,MERCEDES-BENZ,GL-CLASS,2007 Mercedes-Benz GL-Class 4-DR w/SAB,,Not Rated,Not Rated,Not Rated,Not Rated,Not Rated,Not Rated,Not Rated,Not Rated,Not Rated,Not Rated,Not Rated,Not Rated,0,0, ,Not Rated,Standard,No,No,123,4,0,2007/MERCEDES-BENZ/GL-CLASS/2007 Mercedes-Benz GL-Class 4-DR w_SAB.png
2164,2007,MERCEDES-BENZ,ML-CLASS,2007 Mercedes-Benz ML-Class 4-DR w/SAB,,Not Rated,Not Rated,5,5,Not Rated,5,5,Not Rated,Not Rated,Not Rated,4,Not Rated,0.179,0,No Tip,Not Rated,Standard,No,No,110,4,1,2007/MERCEDES-BENZ/ML-CLASS/2007 Mercedes-Benz ML-Class 4-DR w_SAB.png
2242,2007,MERCEDES-BENZ,R-CLASS,2007 Mercedes-Benz R-Class 4-DR. w/SAB,,Not Rated,Not Rated,Not Rated,Not Rated,Not Rated,Not Rated,Not Rated,Not Rated,Not Rated,Not Rated,Not Rated,Not Rated,0,0, ,Not Rated,Standard,No,No,67,5,0,2007/MERCEDES-BENZ/R-CLASS/2007 Mercedes-Benz R-Class 4-DR. w_SAB.png
2239,2007,MERCEDES-BENZ,S-CLASS,2007 Mercedes-Benz S-Class 4-DR w/SAB,,Not Rated,Not Rated,Not Rated,Not Rated,Not Rated,Not Rated,Not Rated,Not Rated,Not Rated,Not Rated,Not Rated,Not Rated,0,0, ,Not Rated,Standard,No,No,65,3,0,2007/MERCEDES-BENZ/S-CLASS/2007 Mercedes-Benz S-Class 4-DR w_SAB.png
2240,2007,MERCEDES-BENZ,SL-CLASS,2007 Mercedes-Benz SL-Class Convertible w/SAB,,Not Rated,Not Rated,Not Rated,Not Rated,Not Rated,Not Rated,Not Rated,Not Rated,Not Rated,Not Rated,Not Rated,Not Rated,0,0, ,Not Rated,Standard,No,No,20,2,0,2007/MERCEDES-BENZ/SL-CLASS/2007 Mercedes-Benz SL-Class Convertible w_SAB.png
2241,2007,MERCEDES-BENZ,SLK-CLASS,2007 Mercedes-Benz SLK-Class - Convertible w/SAB,,Not Rated,Not Rated,Not Rated,Not Rated,Not Rated,Not Rated,Not Rated,Not Rated,Not Rated,Not Rated,Not Rated,Not Rated,0,0, ,Not Rated,Standard,No,No,35,3,1,2007/MERCEDES-BENZ/SLK-CLASS/2007 Mercedes-Benz SLK-Class - Convertible w_SAB.png
2045,2007,MERCURY,GRAND MARQUIS,2007 Mercury Grand Marquis  4-DR.,,Not Rated,Not Rated,5,5,Not Rated,4,5,Not Rated,Not Rated,Not Rated,Not Rated,5,0,0.09, ,Not Rated,No,No,No,96,3,2,2007/MERCURY/GRAND MARQUIS/2007 Mercury Grand Marquis  4-DR..png
2046,2007,MERCURY,GRAND MARQUIS,2007 Mercury Grand Marquis 4-DR. w/SAB,,Not Rated,Not Rated,5,5,Not Rated,5,5,Not Rated,Not Rated,Not Rated,Not Rated,5,0,0.09, ,Not Rated,No,No,No,96,3,2,2007/MERCURY/GRAND MARQUIS/2007 Mercury Grand Marquis 4-DR. w_SAB.png
2034,2007,MERCURY,MARINER,2007 Mercury Mariner 4-DR,,Not Rated,Not Rated,4,4,Not Rated,5,5,Not Rated,Not Rated,Not Rated,3,3,0.209,0.237,Tip,Not Rated,No,No,No,33,3,1,2007/MERCURY/MARINER/2007 Mercury Mariner 4-DR.png
2060,2007,MERCURY,MARINER HYBRID,2007 Mercury Mariner Hybrid 4-DR,,Not Rated,Not Rated,4,4,Not Rated,5,5,Not Rated,Not Rated,Not Rated,Not Rated,Not Rated,0,0, ,Not Rated,No,No,No,31,0,1,2007/MERCURY/MARINER HYBRID/2007 Mercury Mariner Hybrid 4-DR.png
2050,2007,MERCURY,MILAN,2007 Mercury Milan 4-DR. w/SAB,,Not Rated,Not Rated,4,4,Not Rated,5,4,Not Rated,Not Rated,Not Rated,5,4,0.092,0.105,No Tip,Not Rated,No,No,No,434,5,4,2007/MERCURY/MILAN/2007 Mercury Milan 4-DR. w_SAB.png
2057,2007,MERCURY,MONTEGO,2007 Mercury Montego 4-DR,,Not Rated,Not Rated,5,5,Not Rated,5,5,Not Rated,Not Rated,Not Rated,4,4,0.113,0.105,No Tip,Not Rated,No,No,No,36,1,2,2007/MERCURY/MONTEGO/2007 Mercury Montego 4-DR.png
2368,2007,MERCURY,MONTEGO,2007 Mercury Montego 4-DR w/SAB,,Not Rated,Not Rated,5,5,Not Rated,5,5,Not Rated,Not Rated,Not Rated,4,4,0.113,0.105,No Tip,Not Rated,No,No,No,36,1,2,2007/MERCURY/MONTEGO/2007 Mercury Montego 4-DR w_SAB.png
2053,2007,MERCURY,MONTEREY,2007 Mercury Monterey w/SAB,,Not Rated,Not Rated,5,5,Not Rated,Not Rated,Not Rated,Not Rated,Not Rated,Not Rated,Not Rated,4,0,0.147, ,Not Rated,Optional,No,No,7,2,3,2007/MERCURY/MONTEREY/2007 Mercury Monterey w_SAB.png
2036,2007,MERCURY,MOUNTAINEER,2007 Mercury Mountaineer 4-DR. w/SAB,,Not Rated,Not Rated,5,5,Not Rated,5,5,Not Rated,Not Rated,Not Rated,3,3,0.228,0.237,No Tip,Not Rated,Standard,No,No,81,1,1,2007/MERCURY/MOUNTAINEER/2007 Mercury Mountaineer 4-DR. w_SAB.png
2319,2007,MINI,COOPER,2007 MINI Cooper 2-DR. w/SAB,,Not Rated,Not Rated,Not Rated,Not Rated,Not Rated,Not Rated,Not Rated,Not Rated,Not Rated,Not Rated,Not Rated,Not Rated,0,0, ,Not Rated,Optional,No,No,380,4,3,2007/MINI/COOPER/2007 MINI Cooper 2-DR. w_SAB.png
2320,2007,MINI,COOPER,2007 MINI Cooper Convertible w/SAB,,Not Rated,Not Rated,Not Rated,Not Rated,Not Rated,Not Rated,Not Rated,Not Rated,Not Rated,Not Rated,Not Rated,Not Rated,0,0, ,Not Rated,Optional,No,No,32,2,1,2007/MINI/COOPER/2007 MINI Cooper Convertible w_SAB.png
2246,2007,MITSUBISHI,ECLIPSE,2007 Mitsubishi Eclipse 2-DR w/SAB,,Not Rated,Not Rated,Not Rated,Not Rated,Not Rated,Not Rated,Not Rated,Not Rated,Not Rated,Not Rated,Not Rated,Not Rated,0,0, ,Not Rated,No,No,No,107,4,0,2007/MITSUBISHI/ECLIPSE/2007 Mitsubishi Eclipse 2-DR w_SAB.png
2247,2007,MITSUBISHI,ECLIPSE SPYDER,2007 Mitsubishi Eclipse Spyder Convertible w/SAB,,Not Rated,Not Rated,Not Rated,Not Rated,Not Rated,Not Rated,Not Rated,Not Rated,Not Rated,Not Rated,Not Rated,Not Rated,0,0, ,Not Rated,No,No,No,22,4,0,2007/MITSUBISHI/ECLIPSE SPYDER/2007 Mitsubishi Eclipse Spyder Convertible w_SAB.png
2248,2007,MITSUBISHI,ENDEAVOR,2007 Mitsubishi Endeavor 4-DR w/SAB,,Not Rated,Not Rated,Not Rated,Not Rated,Not Rated,Not Rated,Not Rated,Not Rated,Not Rated,Not Rated,Not Rated,Not Rated,0,0, ,Not Rated,Standard,No,No,21,5,1,2007/MITSUBISHI/ENDEAVOR/2007 Mitsubishi Endeavor 4-DR w_SAB.png
2249,2007,MITSUBISHI,GALANT,2007 Mitsubishi Galant 4-DR. w/SAB,,Not Rated,Not Rated,4,5,Not Rated,5,5,Not Rated,Not Rated,Not Rated,Not Rated,4,0,0.107, ,Not Rated,No,No,No,24,1,0,2007/MITSUBISHI/GALANT/2007 Mitsubishi Galant 4-DR. w_SAB.png
2365,2007,MITSUBISHI,LANCER,2007 Mitsubishi Lancer 4-DR.,,Not Rated,Not Rated,5,5,Not Rated,2,4,Not Rated,Not Rated,Not Rated,Not Rated,4,0,0.107, ,Not Rated,No,No,No,2,3,0,2007/MITSUBISHI/LANCER/2007 Mitsubishi Lancer 4-DR..png
2251,2007,MITSUBISHI,OUTLANDER,2007 Mitsubishi Outlander 4-DR w/SAB,,Not Rated,Not Rated,5,5,Not Rated,5,5,Not Rated,Not Rated,Not Rated,4,4,0.169,0.191,No Tip,Not Rated,Standard,No,No,123,9,0,2007/MITSUBISHI/OUTLANDER/2007 Mitsubishi Outlander 4-DR w_SAB.png
2806,2007,MITSUBISHI,RAIDER CLUB,2007 Mitsubishi Raider Club,,Not Rated,Not Rated,5,5,Not Rated,5,Not Rated,Not Rated,Not Rated,Not Rated,4,4,0.179,0.191,No Tip,Not Rated,No,No,No,35,2,4,2007/MITSUBISHI/RAIDER CLUB/2007 Mitsubishi Raider Club.png
2807,2007,MITSUBISHI,RAIDER QUAD,2007 Mitsubishi Raider Quad,,Not Rated,Not Rated,Not Rated,Not Rated,Not Rated,5,5,Not Rated,Not Rated,Not Rated,4,4,0.179,0.191,No Tip,Not Rated,No,No,No,35,2,4,2007/MITSUBISHI/RAIDER QUAD/2007 Mitsubishi Raider Quad.png
2148,2007,NISSAN,350Z,2007 Nissan 350Z 2-DR.,,Not Rated,Not Rated,Not Rated,Not Rated,Not Rated,5,Not Rated,Not Rated,Not Rated,Not Rated,Not Rated,5,0,0.082, ,Not Rated,Optional,No,No,73,1,1,2007/NISSAN/350Z/2007 Nissan 350Z 2-DR..png
2256,2007,NISSAN,350Z ROADSTER,2007 Nissan 350Z Convertible,,Not Rated,Not Rated,Not Rated,Not Rated,Not Rated,Not Rated,Not Rated,Not Rated,Not Rated,Not Rated,Not Rated,Not Rated,0,0, ,Not Rated,Optional,No,No,73,1,1,2007/NISSAN/350Z ROADSTER/2007 Nissan 350Z Convertible.png
2254,2007,NISSAN,ALTIMA,2007 Nissan Altima 4-DR. w/SAB,,Not Rated,Not Rated,5,5,Not Rated,5,4,Not Rated,Not Rated,Not Rated,Not Rated,4,0,0.105, ,Not Rated,No,No,No,496,3,3,2007/NISSAN/ALTIMA/2007 Nissan Altima 4-DR. w_SAB.png
2149,2007,NISSAN,ARMADA,2007 Nissan Armada 4-DR w/SAB,,Not Rated,Not Rated,4,5,Not Rated,Not Rated,Not Rated,Not Rated,Not Rated,Not Rated,3,3,0.219,0.212,No Tip,Not Rated,Standard,No,No,85,3,0,2007/NISSAN/ARMADA/2007 Nissan Armada 4-DR w_SAB.png
2150,2007,NISSAN,FRONTIER CREW CAB,2007 Nissan Frontier 4-DR.,,Not Rated,Not Rated,4,4,Not Rated,5,5,Not Rated,Not Rated,Not Rated,4,3,0.198,0.212,No Tip,Not Rated,Optional,No,No,520,2,1,2007/NISSAN/FRONTIER CREW CAB/2007 Nissan Frontier 4-DR..png
2151,2007,NISSAN,FRONTIER KING CAB,2007 Nissan Frontier Extended Cab,,Not Rated,Not Rated,3,3,Not Rated,5,Not Rated,Not Rated,Not Rated,Not Rated,4,3,0.198,0.212,No Tip,Not Rated,Optional,No,No,520,2,1,2007/NISSAN/FRONTIER KING CAB/2007 Nissan Frontier Extended Cab.png
2152,2007,NISSAN,MAXIMA,2007 Nissan Maxima 4-DR. w/SAB,,Not Rated,Not Rated,5,4,Not Rated,4,4,Not Rated,Not Rated,Not Rated,Not Rated,4,0,0.107, ,Not Rated,Optional,No,No,129,1,1,2007/NISSAN/MAXIMA/2007 Nissan Maxima 4-DR. w_SAB.png
2153,2007,NISSAN,MURANO,2007 Nissan Murano 4-DR. w/SAB,,Not Rated,Not Rated,5,5,Not Rated,5,5,Not Rated,Not Rated,Not Rated,4,4,0.151,0.159,No Tip,Not Rated,Optional,No,No,674,2,1,2007/NISSAN/MURANO/2007 Nissan Murano 4-DR. w_SAB.png
2154,2007,NISSAN,PATHFINDER,2007 Nissan Pathfinder 4-DR,,Not Rated,Not Rated,4,4,Not Rated,5,5,Not Rated,Not Rated,Not Rated,3,3,0.228,0.237,No Tip,Not Rated,Standard,No,No,561,2,1,2007/NISSAN/PATHFINDER/2007 Nissan Pathfinder 4-DR.png
2255,2007,NISSAN,QUEST,2007 Nissan Quest Van w/SAB,,Not Rated,Not Rated,5,5,Not Rated,5,5,Not Rated,Not Rated,Not Rated,Not Rated,4,0,0.121, ,Not Rated,Optional,No,No,226,1,1,2007/NISSAN/QUEST/2007 Nissan Quest Van w_SAB.png
2253,2007,NISSAN,SENTRA,2007 Nissan Sentra 4-DR.w/SAB,,Not Rated,Not Rated,5,5,Not Rated,5,4,Not Rated,Not Rated,Not Rated,Not Rated,4,0,0.116, ,Not Rated,No,No,No,153,1,1,2007/NISSAN/SENTRA/2007 Nissan Sentra 4-DR.w_SAB.png
2155,2007,NISSAN,TITAN,2007 Nissan Titan Extended Cab,,Not Rated,Not Rated,5,4,Not Rated,Not Rated,Not Rated,Not Rated,Not Rated,Not Rated,3,4,0.212,0.191,No Tip,Not Rated,Optional,No,No,139,2,0,2007/NISSAN/TITAN/2007 Nissan Titan Extended Cab.png
2156,2007,NISSAN,TITAN,2007 Nissan Titan 4-DR.,,Not Rated,Not Rated,5,4,Not Rated,Not Rated,Not Rated,Not Rated,Not Rated,Not Rated,3,4,0.212,0.191,No Tip,Not Rated,Optional,No,No,139,2,0,2007/NISSAN/TITAN/2007 Nissan Titan 4-DR..png
2252,2007,NISSAN,VERSA,2007 Nissan Versa 4-DR w/SAB,,Not Rated,Not Rated,4,4,Not Rated,5,5,Not Rated,Not Rated,Not Rated,Not Rated,4,0,0.14, ,Not Rated,No,No,No,354,9,2,2007/NISSAN/VERSA/2007 Nissan Versa 4-DR w_SAB.png
2375,2007,NISSAN,VERSA,2007 Nissan Versa Hatchback w/SAB,,Not Rated,Not Rated,4,4,Not Rated,5,5,Not Rated,Not Rated,Not Rated,Not Rated,4,0,0.14, ,Not Rated,No,No,No,354,9,2,2007/NISSAN/VERSA/2007 Nissan Versa Hatchback w_SAB.png
2157,2007,NISSAN,XTERRA,2007 Nissan Xterra 4-DR,,Not Rated,Not Rated,4,4,Not Rated,5,5,Not Rated,Not Rated,Not Rated,3,3,0.256,0.246,No Tip,Not Rated,Standard,No,No,557,2,1,2007/NISSAN/XTERRA/2007 Nissan Xterra 4-DR.png
2106,2007,PONTIAC,G5,2007 Pontiac G5 2-DR.,,Not Rated,Not Rated,4,5,Not Rated,4,4,Not Rated,Not Rated,Not Rated,Not Rated,4,0,0.109, ,Not Rated,No,No,No,187,6,1,2007/PONTIAC/G5/2007 Pontiac G5 2-DR..png
2107,2007,PONTIAC,G5,2007 Pontiac G5 2-DR. w/SAB (Early release),,Not Rated,Not Rated,4,5,Not Rated,3,4,Not Rated,Not Rated,Not Rated,Not Rated,4,0,0.109, ,Not Rated,No,No,No,187,6,1,2007/PONTIAC/G5/2007 Pontiac G5 2-DR. w_SAB (Early release).png
2616,2007,PONTIAC,G5,2007 Pontiac G5 2-DR. w/SAB (Later release),,Not Rated,Not Rated,4,5,Not Rated,4,4,Not Rated,Not Rated,Not Rated,Not Rated,4,0,0.109, ,Not Rated,No,No,No,187,6,1,2007/PONTIAC/G5/2007 Pontiac G5 2-DR. w_SAB (Later release).png
2096,2007,PONTIAC,G6,2007 Pontiac G6 4-DR w/SAB,,Not Rated,Not Rated,5,4,Not Rated,5,5,Not Rated,Not Rated,Not Rated,Not Rated,4,0,0.105, ,Not Rated,Optional,No,No,1224,5,3,2007/PONTIAC/G6/2007 Pontiac G6 4-DR w_SAB.png
2218,2007,PONTIAC,G6,2007 Pontiac G6 2-DR.w/SAB,,Not Rated,Not Rated,5,4,Not Rated,5,5,Not Rated,Not Rated,Not Rated,Not Rated,5,0,0.099, ,Not Rated,Optional,No,No,1224,5,3,2007/PONTIAC/G6/2007 Pontiac G6 2-DR.w_SAB.png
2219,2007,PONTIAC,G6,2007 Pontiac G6 Convertible,,Not Rated,Not Rated,Not Rated,Not Rated,Not Rated,Not Rated,Not Rated,Not Rated,Not Rated,Not Rated,Not Rated,Not Rated,0,0, ,Not Rated,Optional,No,No,1224,5,3,2007/PONTIAC/G6/2007 Pontiac G6 Convertible.png
2089,2007,PONTIAC,GRAND PRIX,2007 Pontiac Grand Prix 4-DR.,,Not Rated,Not Rated,5,4,Not Rated,3,3,Not Rated,Not Rated,Not Rated,Not Rated,4,0,0.109, ,Not Rated,Optional,No,No,220,4,0,2007/PONTIAC/GRAND PRIX/2007 Pontiac Grand Prix 4-DR..png
2205,2007,PONTIAC,SOLSTICE,2007 Pontiac Solstice Convertible,,Not Rated,Not Rated,4,4,Not Rated,4,Not Rated,Not Rated,Not Rated,Not Rated,Not Rated,5,0,0, ,Not Rated,Optional,No,No,287,5,3,2007/PONTIAC/SOLSTICE/2007 Pontiac Solstice Convertible.png
2078,2007,PONTIAC,TORRENT,2007 Pontiac Torrent 4-DR.,,Not Rated,Not Rated,5,5,Not Rated,5,5,Not Rated,Not Rated,Not Rated,4,4,0.164,0.185,No Tip,Not Rated,Standard,No,No,243,4,0,2007/PONTIAC/TORRENT/2007 Pontiac Torrent 4-DR..png
2094,2007,PONTIAC,VIBE,2007 Pontiac Vibe 4-DR.,,Not Rated,Not Rated,5,4,Not Rated,3,4,Not Rated,Not Rated,Not Rated,4,4,0.14,0.151,No Tip,Not Rated,Optional,No,No,170,5,2,2007/PONTIAC/VIBE/2007 Pontiac Vibe 4-DR..png
2391,2007,PONTIAC,VIBE,2007 Pontiac Vibe 4-DR. w/SAB,,Not Rated,Not Rated,5,4,Not Rated,5,4,Not Rated,Not Rated,Not Rated,4,4,0.14,0.151,No Tip,Not Rated,Optional,No,No,170,5,2,2007/PONTIAC/VIBE/2007 Pontiac Vibe 4-DR. w_SAB.png
2261,2007,PORSCHE,911,2007 Porsche 911 2-DR w/SAB,,Not Rated,Not Rated,Not Rated,Not Rated,Not Rated,Not Rated,Not Rated,Not Rated,Not Rated,Not Rated,Not Rated,Not Rated,0,0, ,Not Rated,Standard,No,No,50,1,1,2007/PORSCHE/911/2007 Porsche 911 2-DR w_SAB.png
2260,2007,PORSCHE,911 CONVERTIBLE,2007 Porsche 911 Convertible w/SAB,,Not Rated,Not Rated,Not Rated,Not Rated,Not Rated,Not Rated,Not Rated,Not Rated,Not Rated,Not Rated,Not Rated,Not Rated,0,0, ,Not Rated,Standard,No,No,50,1,1,2007/PORSCHE/911 CONVERTIBLE/2007 Porsche 911 Convertible w_SAB.png
2262,2007,PORSCHE,BOXSTER,2007 Porsche Boxster Convertible w/SAB,,Not Rated,Not Rated,Not Rated,Not Rated,Not Rated,Not Rated,Not Rated,Not Rated,Not Rated,Not Rated,Not Rated,Not Rated,0,0, ,Not Rated,Standard,No,No,2,0,0,2007/PORSCHE/BOXSTER/2007 Porsche Boxster Convertible w_SAB.png
2263,2007,PORSCHE,CAYMAN,2007 Porsche Cayman  2-DR w/SAB,,Not Rated,Not Rated,Not Rated,Not Rated,Not Rated,Not Rated,Not Rated,Not Rated,Not Rated,Not Rated,Not Rated,Not Rated,0,0, ,Not Rated,Standard,No,No,4,0,0,2007/PORSCHE/CAYMAN/2007 Porsche Cayman  2-DR w_SAB.png
2321,2007,ROLLS-ROYCE,PHANTOM,2007 Rolls-Royce Phantom 4-DR. w/SAB,,Not Rated,Not Rated,Not Rated,Not Rated,Not Rated,Not Rated,Not Rated,Not Rated,Not Rated,Not Rated,Not Rated,Not Rated,0,0, ,Not Rated,Standard,No,No,0,0,0,2007/ROLLS-ROYCE/PHANTOM/2007 Rolls-Royce Phantom 4-DR. w_SAB.png
2215,2007,SAAB,9-3,2007 Saab 9-3 4-DR w/SAB,,Not Rated,Not Rated,4,4,Not Rated,5,4,Not Rated,Not Rated,Not Rated,Not Rated,4,0,0.121, ,Not Rated,Standard,No,No,155,3,3,2007/SAAB/9-3/2007 Saab 9-3 4-DR w_SAB.png
2216,2007,SAAB,9-3,2007 Saab 9-3 Convertible w/SAB,,Not Rated,Not Rated,Not Rated,Not Rated,Not Rated,Not Rated,Not Rated,Not Rated,Not Rated,Not Rated,Not Rated,Not Rated,0,0, ,Not Rated,Standard,No,No,155,3,3,2007/SAAB/9-3/2007 Saab 9-3 Convertible w_SAB.png
2217,2007,SAAB,9-3 WAGON,2007 Saab 9-3 Wagon w/SAB,,Not Rated,Not Rated,4,4,Not Rated,5,4,Not Rated,Not Rated,Not Rated,Not Rated,4,0,0.127, ,Not Rated,Standard,No,No,155,3,3,2007/SAAB/9-3 WAGON/2007 Saab 9-3 Wagon w_SAB.png
2100,2007,SAAB,9-5,2007 Saab 9-5 4-DR. w/SAB,,Not Rated,Not Rated,5,5,Not Rated,5,4,Not Rated,Not Rated,Not Rated,Not Rated,4,0,0.118, ,Not Rated,Standard,No,No,17,2,1,2007/SAAB/9-5/2007 Saab 9-5 4-DR. w_SAB.png
2101,2007,SAAB,9-5 WAGON,2007 Saab 9-5 Wagon w/SAB,,Not Rated,Not Rated,5,5,Not Rated,5,4,Not Rated,Not Rated,Not Rated,Not Rated,4,0,0.13, ,Not Rated,Standard,No,No,17,2,1,2007/SAAB/9-5 WAGON/2007 Saab 9-5 Wagon w_SAB.png
2082,2007,SAAB,9-7X,2007 Saab 9-7X 4-DR w/SAB,,Not Rated,Not Rated,3,4,Not Rated,5,5,Not Rated,Not Rated,Not Rated,4,Not Rated,0.191,0,No Tip,Not Rated,Standard,No,No,48,4,4,2007/SAAB/9-7X/2007 Saab 9-7X 4-DR w_SAB.png
2202,2007,SATURN,AURA,2007 Saturn Aura 4-DR. w/SAB,,Not Rated,Not Rated,5,5,Not Rated,5,5,Not Rated,Not Rated,Not Rated,Not Rated,4,0,0.116, ,Not Rated,Standard,No,No,607,4,2,2007/SATURN/AURA/2007 Saturn Aura 4-DR. w_SAB.png
2102,2007,SATURN,ION,2007 Saturn Ion 4-DR.,,Not Rated,Not Rated,5,5,Not Rated,3,4,Not Rated,Not Rated,Not Rated,Not Rated,4,0,0.116, ,Not Rated,No,No,No,875,7,2,2007/SATURN/ION/2007 Saturn Ion 4-DR..png
2103,2007,SATURN,ION,2007 Saturn Ion 2-DR.,,Not Rated,Not Rated,5,5,Not Rated,4,4,Not Rated,Not Rated,Not Rated,Not Rated,4,0,0.116, ,Not Rated,No,No,No,875,7,2,2007/SATURN/ION/2007 Saturn Ion 2-DR..png
2204,2007,SATURN,OUTLOOK,2007 Saturn Outlook 4-DR. w/SAB,,Not Rated,Not Rated,5,5,Not Rated,5,5,Not Rated,Not Rated,Not Rated,4,4,0.155,0.169,No Tip,Not Rated,Standard,No,No,511,5,2,2007/SATURN/OUTLOOK/2007 Saturn Outlook 4-DR. w_SAB.png
2066,2007,SATURN,RELAY,2007 Saturn Relay,,Not Rated,Not Rated,5,5,Not Rated,4,5,Not Rated,Not Rated,Not Rated,Not Rated,3,0,0.204, ,Not Rated,Standard,No,No,12,1,1,2007/SATURN/RELAY/2007 Saturn Relay.png
2203,2007,SATURN,SKY,2007 Saturn Sky Convertible,,Not Rated,Not Rated,4,4,Not Rated,4,Not Rated,Not Rated,Not Rated,Not Rated,Not Rated,5,0,0, ,Not Rated,Optional,No,No,284,5,3,2007/SATURN/SKY/2007 Saturn Sky Convertible.png
2076,2007,SATURN,VUE,2007 Saturn VUE 4-DR.,,Not Rated,Not Rated,5,5,Not Rated,5,5,Not Rated,Not Rated,Not Rated,3,3,0.209,0.223,Tip,Not Rated,No,No,No,312,0,0,2007/SATURN/VUE/2007 Saturn VUE 4-DR..png
2108,2007,SUBARU,FORESTER,2007 Subaru Forester 4-DR. w/SAB,,Not Rated,Not Rated,5,5,Not Rated,5,5,Not Rated,Not Rated,Not Rated,4,Not Rated,0.159,0,No Tip,Not Rated,No,No,No,72,1,1,2007/SUBARU/FORESTER/2007 Subaru Forester 4-DR. w_SAB.png
2112,2007,SUBARU,IMPREZA,2007 Subaru Impreza 4-DR w/SAB,,Not Rated,Not Rated,4,5,Not Rated,4,4,Not Rated,Not Rated,Not Rated,4,Not Rated,0.118,0,No Tip,Not Rated,No,No,No,67,9,1,2007/SUBARU/IMPREZA/2007 Subaru Impreza 4-DR w_SAB.png
2125,2007,SUBARU,IMPREZA,2007 Subaru Impreza 4-DR Wagon w/SAB,,Not Rated,Not Rated,4,5,Not Rated,4,4,Not Rated,Not Rated,Not Rated,4,Not Rated,0.118,0,No Tip,Not Rated,No,No,No,67,9,1,2007/SUBARU/IMPREZA/2007 Subaru Impreza 4-DR Wagon w_SAB.png
2264,2007,SUBARU,LEGACY,2007 Subaru Legacy 4-DR. w/SAB,,Not Rated,Not Rated,5,5,Not Rated,5,5,Not Rated,Not Rated,Not Rated,4,Not Rated,0.107,0,No Tip,Not Rated,Optional,No,No,33,9,0,2007/SUBARU/LEGACY/2007 Subaru Legacy 4-DR. w_SAB.png
2265,2007,SUBARU,LEGACY,2007 Subaru Legacy 4-DR. Wagon w/SAB,,Not Rated,Not Rated,5,5,Not Rated,5,5,Not Rated,Not Rated,Not Rated,Not Rated,Not Rated,0,0, ,Not Rated,Optional,No,No,33,9,0,2007/SUBARU/LEGACY/2007 Subaru Legacy 4-DR. Wagon w_SAB.png
2111,2007,SUBARU,OUTBACK,2007 Subaru Outback 4-DR w/SAB,,Not Rated,Not Rated,5,5,Not Rated,5,5,Not Rated,Not Rated,Not Rated,Not Rated,Not Rated,0,0, ,Not Rated,Optional,No,No,129,8,0,2007/SUBARU/OUTBACK/2007 Subaru Outback 4-DR w_SAB.png
2126,2007,SUBARU,OUTBACK,2007 Subaru Outback 4-DR Wagon w/SAB,,Not Rated,Not Rated,5,5,Not Rated,5,5,Not Rated,Not Rated,Not Rated,4,Not Rated,0.159,0,No Tip,Not Rated,Optional,No,No,129,8,0,2007/SUBARU/OUTBACK/2007 Subaru Outback 4-DR Wagon w_SAB.png
2113,2007,SUBARU,TRIBECA,2007 Subaru B9 Tribeca 4-DR. w/SAB,,Not Rated,Not Rated,5,5,Not Rated,5,5,Not Rated,Not Rated,Not Rated,4,Not Rated,0.164,0,No Tip,Not Rated,Standard,No,No,30,8,0,2007/SUBARU/TRIBECA/2007 Subaru B9 Tribeca 4-DR. w_SAB.png
2267,2007,SUZUKI,AERIO,2007 Suzuki Aerio 4-DR w/SAB,,Not Rated,Not Rated,Not Rated,Not Rated,Not Rated,Not Rated,Not Rated,Not Rated,Not Rated,Not Rated,Not Rated,Not Rated,0,0, ,Not Rated,No,No,No,3,0,0,2007/SUZUKI/AERIO/2007 Suzuki Aerio 4-DR w_SAB.png
2109,2007,SUZUKI,FORENZA,2007 Suzuki Forenza 4-DR. w/SAB,,Not Rated,Not Rated,4,4,Not Rated,4,4,Not Rated,Not Rated,Not Rated,Not Rated,4,0,0.116, ,Not Rated,No,No,No,256,2,0,2007/SUZUKI/FORENZA/2007 Suzuki Forenza 4-DR. w_SAB.png
2127,2007,SUZUKI,FORENZA,2007 Suzuki Forenza 4-DR. Wagon  w/SAB,,Not Rated,Not Rated,4,4,Not Rated,Not Rated,Not Rated,Not Rated,Not Rated,Not Rated,Not Rated,4,0,0.116, ,Not Rated,No,No,No,256,2,0,2007/SUZUKI/FORENZA/2007 Suzuki Forenza 4-DR. Wagon  w_SAB.png
2110,2007,SUZUKI,GRAND VITARA,2007 Suzuki Grand Vitara 4-DR. w/SAB,,Not Rated,Not Rated,4,4,Not Rated,5,5,Not Rated,Not Rated,Not Rated,4,4,0.185,0.191,No Tip,Not Rated,Standard,No,No,58,3,1,2007/SUZUKI/GRAND VITARA/2007 Suzuki Grand Vitara 4-DR. w_SAB.png
2266,2007,SUZUKI,RENO,2007 Suzuki Reno 5-DR w/SAB,,Not Rated,Not Rated,Not Rated,Not Rated,Not Rated,Not Rated,Not Rated,Not Rated,Not Rated,Not Rated,Not Rated,Not Rated,0,0, ,Not Rated,No,No,No,55,2,0,2007/SUZUKI/RENO/2007 Suzuki Reno 5-DR w_SAB.png
2268,2007,SUZUKI,SX4,2007 Suzuki SX-4 4-DR w/SAB,,Not Rated,Not Rated,Not Rated,Not Rated,Not Rated,Not Rated,Not Rated,Not Rated,Not Rated,Not Rated,Not Rated,Not Rated,0,0, ,Not Rated,Optional,No,No,73,2,1,2007/SUZUKI/SX4/2007 Suzuki SX-4 4-DR w_SAB.png
2269,2007,SUZUKI,XL7,2007 Suzuki XL7 4-DR w/SAB,,Not Rated,Not Rated,4,5,Not Rated,4,5,Not Rated,Not Rated,Not Rated,4,4,0.164,0.179,No Tip,Not Rated,Standard,No,No,137,2,0,2007/SUZUKI/XL7/2007 Suzuki XL7 4-DR w_SAB.png
2171,2007,TOYOTA,4RUNNER,2007 Toyota 4Runner 4-DR.,,Not Rated,Not Rated,4,4,Not Rated,5,5,Not Rated,Not Rated,Not Rated,3,3,0.204,0.219,No Tip,Not Rated,Standard,No,No,154,5,1,2007/TOYOTA/4RUNNER/2007 Toyota 4Runner 4-DR..png
2177,2007,TOYOTA,AVALON,2007 Toyota Avalon 4-DR. w/SAB,,Not Rated,Not Rated,5,5,Not Rated,5,5,Not Rated,Not Rated,Not Rated,Not Rated,4,0,0.111, ,Not Rated,Optional,No,No,242,6,0,2007/TOYOTA/AVALON/2007 Toyota Avalon 4-DR. w_SAB.png
2004,2007,TOYOTA,CAMRY,2007 Toyota Camry 4-DR. w/SAB,,Not Rated,Not Rated,5,5,Not Rated,5,5,Not Rated,Not Rated,Not Rated,Not Rated,4,0,0.107, ,Not Rated,Optional,No,No,3610,11,5,2007/TOYOTA/CAMRY/2007 Toyota Camry 4-DR. w_SAB.png
2274,2007,TOYOTA,CAMRY HYBRID,2007 Toyota Camry Hybrid  4-DR. w/SAB,,Not Rated,Not Rated,5,5,Not Rated,5,5,Not Rated,Not Rated,Not Rated,Not Rated,Not Rated,0,0, ,Not Rated,Standard,No,No,3484,10,5,2007/TOYOTA/CAMRY HYBRID/2007 Toyota Camry Hybrid  4-DR. w_SAB.png
2174,2007,TOYOTA,COROLLA,2007 Toyota Corolla 4-DR.,,Not Rated,Not Rated,5,5,Not Rated,4,4,Not Rated,Not Rated,Not Rated,Not Rated,4,0,0.127, ,Not Rated,Optional,No,No,882,7,3,2007/TOYOTA/COROLLA/2007 Toyota Corolla 4-DR..png
1904,2007,TOYOTA,FJ CRUISER,2007 Toyota FJ Cruiser 4-DR.,,Not Rated,Not Rated,5,4,Not Rated,5,5,Not Rated,Not Rated,Not Rated,3,3,0.267,0.256,No Tip,Not Rated,Standard,No,No,591,9,0,2007/TOYOTA/FJ CRUISER/2007 Toyota FJ Cruiser 4-DR..png
2168,2007,TOYOTA,HIGHLANDER,2007 Toyota Highlander 4-DR. w/SAB,,Not Rated,Not Rated,5,5,Not Rated,5,5,Not Rated,Not Rated,Not Rated,4,4,0.174,0.179,No Tip,Not Rated,Standard,No,No,123,4,0,2007/TOYOTA/HIGHLANDER/2007 Toyota Highlander 4-DR. w_SAB.png
2275,2007,TOYOTA,HIGHLANDER HYBRID,2007 Toyota Highlander Hybrid 4-DR. w/SAB,,Not Rated,Not Rated,5,5,Not Rated,5,5,Not Rated,Not Rated,Not Rated,Not Rated,Not Rated,0,0, ,Not Rated,Standard,No,No,233,6,2,2007/TOYOTA/HIGHLANDER HYBRID/2007 Toyota Highlander Hybrid 4-DR. w_SAB.png
2278,2007,TOYOTA,LANDCRUISER,2007 Toyota Landcruiser 4-DR w/SAB,,Not Rated,Not Rated,Not Rated,Not Rated,Not Rated,Not Rated,Not Rated,Not Rated,Not Rated,Not Rated,Not Rated,Not Rated,0,0, ,Not Rated,Standard,No,No,3,1,0,2007/TOYOTA/LANDCRUISER/2007 Toyota Landcruiser 4-DR w_SAB.png
2175,2007,TOYOTA,MATRIX,2007 Toyota Matrix 4-DR.,,Not Rated,Not Rated,5,4,Not Rated,3,4,Not Rated,Not Rated,Not Rated,Not Rated,4,0,0.151, ,Not Rated,Optional,No,No,96,2,0,2007/TOYOTA/MATRIX/2007 Toyota Matrix 4-DR..png
2392,2007,TOYOTA,MATRIX,2007 Toyota Matrix 4-DR. w/SAB,,Not Rated,Not Rated,5,4,Not Rated,5,4,Not Rated,Not Rated,Not Rated,Not Rated,4,0,0.151, ,Not Rated,Optional,No,No,96,2,0,2007/TOYOTA/MATRIX/2007 Toyota Matrix 4-DR. w_SAB.png
2176,2007,TOYOTA,PRIUS,2007 Toyota Prius 4-DR.w/SAB,,Not Rated,Not Rated,4,4,Not Rated,5,4,Not Rated,Not Rated,Not Rated,Not Rated,4,0,0.13, ,Not Rated,Optional,No,No,2003,4,3,2007/TOYOTA/PRIUS/2007 Toyota Prius 4-DR.w_SAB.png
2169,2007,TOYOTA,RAV4,2007 Toyota RAV4 4-DR. w/SAB,,Not Rated,Not Rated,5,4,Not Rated,5,5,Not Rated,Not Rated,Not Rated,4,4,0.174,0.179,No Tip,Not Rated,Standard,No,No,1002,14,4,2007/TOYOTA/RAV4/2007 Toyota RAV4 4-DR. w_SAB.png
2271,2007,TOYOTA,SCION TC,2007 Toyota Scion tC 2-DR,,Not Rated,Not Rated,5,4,Not Rated,4,4,Not Rated,Not Rated,Not Rated,Not Rated,4,0,0.116, ,Not Rated,No,No,No,9,0,0,2007/TOYOTA/SCION TC/2007 Toyota Scion tC 2-DR.png
2289,2007,TOYOTA,SEQUOIA,2007 Toyota Sequoia 4-DR w/SAB,,Not Rated,Not Rated,Not Rated,Not Rated,Not Rated,Not Rated,Not Rated,Not Rated,Not Rated,Not Rated,Not Rated,Not Rated,0,0, ,Not Rated,Standard,No,No,136,9,2,2007/TOYOTA/SEQUOIA/2007 Toyota Sequoia 4-DR w_SAB.png
2170,2007,TOYOTA,SIENNA,2007 Toyota Sienna w/SAB,,Not Rated,Not Rated,4,5,Not Rated,5,5,Not Rated,Not Rated,Not Rated,Not Rated,4,0,0.159, ,Not Rated,Optional,No,No,363,10,0,2007/TOYOTA/SIENNA/2007 Toyota Sienna w_SAB.png
2272,2007,TOYOTA,SOLARA,2007 Toyota Camry Solara 2-DR w/SAB,,Not Rated,Not Rated,Not Rated,Not Rated,Not Rated,Not Rated,Not Rated,Not Rated,Not Rated,Not Rated,Not Rated,4,0,0.116, ,Not Rated,Optional,No,No,126,2,0,2007/TOYOTA/SOLARA/2007 Toyota Camry Solara 2-DR w_SAB.png
2273,2007,TOYOTA,SOLARA,2007 Toyota Camry Solara Convertible w/SAB,,Not Rated,Not Rated,Not Rated,Not Rated,Not Rated,Not Rated,Not Rated,Not Rated,Not Rated,Not Rated,Not Rated,4,0,0.116, ,Not Rated,Optional,No,No,126,2,0,2007/TOYOTA/SOLARA/2007 Toyota Camry Solara Convertible w_SAB.png
2172,2007,TOYOTA,TACOMA,2007 Toyota Tacoma 4-DR.,,Not Rated,Not Rated,5,5,Not Rated,5,5,Not Rated,Not Rated,Not Rated,4,4,0.191,0.147,No Tip,Not Rated,Optional,No,No,539,10,1,2007/TOYOTA/TACOMA/2007 Toyota Tacoma 4-DR..png
2173,2007,TOYOTA,TACOMA,2007 Toyota Tacoma Regular Cab,,Not Rated,Not Rated,5,5,Not Rated,5,Not Rated,Not Rated,Not Rated,Not Rated,4,4,0.191,0.147,No Tip,Not Rated,Optional,No,No,539,10,1,2007/TOYOTA/TACOMA/2007 Toyota Tacoma Regular Cab.png
2348,2007,TOYOTA,TACOMA,2007 Toyota Tacoma Extended Cab,,Not Rated,Not Rated,5,5,Not Rated,5,Not Rated,Not Rated,Not Rated,Not Rated,4,4,0.191,0.147,No Tip,Not Rated,Optional,No,No,539,10,1,2007/TOYOTA/TACOMA/2007 Toyota Tacoma Extended Cab.png
2276,2007,TOYOTA,TUNDRA,2007 Toyota Tundra Regular Cab w/SAB,,Not Rated,Not Rated,4,4,Not Rated,Not Rated,Not Rated,Not Rated,Not Rated,Not Rated,4,3,0.198,0.204,No Tip,Not Rated,Standard,No,No,389,14,0,2007/TOYOTA/TUNDRA/2007 Toyota Tundra Regular Cab w_SAB.png
2277,2007,TOYOTA,TUNDRA,2007 Toyota Tundra 4-DR. w/SAB,,Not Rated,Not Rated,4,4,Not Rated,Not Rated,Not Rated,Not Rated,Not Rated,Not Rated,4,3,0.198,0.204,No Tip,Not Rated,Standard,No,No,389,14,0,2007/TOYOTA/TUNDRA/2007 Toyota Tundra 4-DR. w_SAB.png
2347,2007,TOYOTA,TUNDRA,2007 Toyota Tundra Extended Cab w/SAB,,Not Rated,Not Rated,4,4,Not Rated,Not Rated,Not Rated,Not Rated,Not Rated,Not Rated,4,3,0.198,0.204,No Tip,Not Rated,Standard,No,No,389,14,0,2007/TOYOTA/TUNDRA/2007 Toyota Tundra Extended Cab w_SAB.png
2005,2007,TOYOTA,YARIS,2007 Toyota Yaris 4-DR.,,Not Rated,Not Rated,4,4,Not Rated,3,3,Not Rated,Not Rated,Not Rated,Not Rated,4,0,0.13, ,Not Rated,No,No,No,296,10,3,2007/TOYOTA/YARIS/2007 Toyota Yaris 4-DR..png
2270,2007,TOYOTA,YARIS LIFTBACK,2007 Toyota Yaris Liftback 2-DR,,Not Rated,Not Rated,Not Rated,Not Rated,Not Rated,Not Rated,Not Rated,Not Rated,Not Rated,Not Rated,Not Rated,Not Rated,0,0, ,Not Rated,No,No,No,296,10,3,2007/TOYOTA/YARIS LIFTBACK/2007 Toyota Yaris Liftback 2-DR.png
2296,2007,VOLKSWAGEN,EOS,2007 Volkswagen Eos Convertible w/SAB,,Not Rated,Not Rated,Not Rated,Not Rated,Not Rated,Not Rated,Not Rated,Not Rated,Not Rated,Not Rated,Not Rated,Not Rated,0,0, ,Not Rated,Standard,No,No,40,0,0,2007/VOLKSWAGEN/EOS/2007 Volkswagen Eos Convertible w_SAB.png
2116,2007,VOLKSWAGEN,GTI,2007 Volkswagen GTI 4-DR. w/SAB,,Not Rated,Not Rated,4,4,Not Rated,5,5,Not Rated,Not Rated,Not Rated,Not Rated,4,0,0.121, ,Not Rated,Standard,No,No,77,1,0,2007/VOLKSWAGEN/GTI/2007 Volkswagen GTI 4-DR. w_SAB.png
2304,2007,VOLKSWAGEN,GTI,2007 Volkswagen GTI 2-DR. w/SAB,,Not Rated,Not Rated,Not Rated,Not Rated,Not Rated,Not Rated,Not Rated,Not Rated,Not Rated,Not Rated,Not Rated,Not Rated,0,0, ,Not Rated,Standard,No,No,77,1,0,2007/VOLKSWAGEN/GTI/2007 Volkswagen GTI 2-DR. w_SAB.png
2114,2007,VOLKSWAGEN,JETTA,2007 Volkswagen Jetta 4-DR. w/SAB,,Not Rated,Not Rated,4,4,Not Rated,5,5,Not Rated,Not Rated,Not Rated,Not Rated,4,0,0.121, ,Not Rated,Optional,No,No,201,6,0,2007/VOLKSWAGEN/JETTA/2007 Volkswagen Jetta 4-DR. w_SAB.png
2117,2007,VOLKSWAGEN,NEW BEETLE,2007 Volkswagen New Beetle 2-DR. w/SAB,,Not Rated,Not Rated,4,4,Not Rated,5,3,Not Rated,Not Rated,Not Rated,Not Rated,4,0,0.113, ,Not Rated,Standard,No,No,56,2,0,2007/VOLKSWAGEN/NEW BEETLE/2007 Volkswagen New Beetle 2-DR. w_SAB.png
2298,2007,VOLKSWAGEN,NEW BEETLE,2007 Volkswagen New Beetle Convertible w/SAB,,Not Rated,Not Rated,4,4,Not Rated,Not Rated,Not Rated,Not Rated,Not Rated,Not Rated,Not Rated,4,0,0.113, ,Not Rated,Standard,No,No,56,2,0,2007/VOLKSWAGEN/NEW BEETLE/2007 Volkswagen New Beetle Convertible w_SAB.png
2118,2007,VOLKSWAGEN,PASSAT,2007 Volkswagen Passat 4-DR. w/SAB,,Not Rated,Not Rated,4,4,Not Rated,5,4,Not Rated,Not Rated,Not Rated,Not Rated,4,0,0.118, ,Not Rated,Standard,No,No,273,7,1,2007/VOLKSWAGEN/PASSAT/2007 Volkswagen Passat 4-DR. w_SAB.png
2119,2007,VOLKSWAGEN,PASSAT,2007 Volkswagen Passat Wagon w/SAB,,Not Rated,Not Rated,4,4,Not Rated,5,4,Not Rated,Not Rated,Not Rated,Not Rated,4,0,0.118, ,Not Rated,Standard,No,No,273,7,1,2007/VOLKSWAGEN/PASSAT/2007 Volkswagen Passat Wagon w_SAB.png
2115,2007,VOLKSWAGEN,RABBIT,2007 Volkswagen Rabbit 4-DR. w/SAB,,Not Rated,Not Rated,4,4,Not Rated,5,5,Not Rated,Not Rated,Not Rated,Not Rated,4,0,0.121, ,Not Rated,Optional,No,No,54,2,0,2007/VOLKSWAGEN/RABBIT/2007 Volkswagen Rabbit 4-DR. w_SAB.png
2297,2007,VOLKSWAGEN,RABBIT,2007 Volkswagen Rabbit 2-DR. w/SAB,,Not Rated,Not Rated,Not Rated,Not Rated,Not Rated,Not Rated,Not Rated,Not Rated,Not Rated,Not Rated,Not Rated,Not Rated,0,0, ,Not Rated,Optional,No,No,54,2,0,2007/VOLKSWAGEN/RABBIT/2007 Volkswagen Rabbit 2-DR. w_SAB.png
2128,2007,VOLKSWAGEN,TOUAREG,2007 Volkswagen Touareg 4-Dr. w/SAB,,Not Rated,Not Rated,5,5,Not Rated,5,5,Not Rated,Not Rated,Not Rated,4,Not Rated,0.169,0,No Tip,Not Rated,Standard,No,No,9,3,0,2007/VOLKSWAGEN/TOUAREG/2007 Volkswagen Touareg 4-Dr. w_SAB.png
2307,2007,VOLVO,C70,2007 Volvo C70 Convertible  w/SAB,,Not Rated,Not Rated,Not Rated,Not Rated,Not Rated,Not Rated,Not Rated,Not Rated,Not Rated,Not Rated,Not Rated,Not Rated,0,0, ,Not Rated,Standard,No,No,17,4,0,2007/VOLVO/C70/2007 Volvo C70 Convertible  w_SAB.png
2147,2007,VOLVO,S40,2007 Volvo S40 4-DR. w/SAB,,Not Rated,Not Rated,4,5,Not Rated,5,5,Not Rated,Not Rated,Not Rated,Not Rated,4,0,0.111, ,Not Rated,Standard,No,No,25,2,0,2007/VOLVO/S40/2007 Volvo S40 4-DR. w_SAB.png
2146,2007,VOLVO,S60,2007 Volvo S60 4-DR. w/SAB,,Not Rated,Not Rated,4,4,Not Rated,5,5,Not Rated,Not Rated,Not Rated,5,Not Rated,0.093,0,No Tip,Not Rated,Standard,No,No,21,2,0,2007/VOLVO/S60/2007 Volvo S60 4-DR. w_SAB.png
2306,2007,VOLVO,S80,2007 Volvo S80 4-DR. w/SAB,,Not Rated,Not Rated,Not Rated,Not Rated,Not Rated,Not Rated,Not Rated,Not Rated,Not Rated,Not Rated,Not Rated,Not Rated,0,0, ,Not Rated,Optional,No,No,24,5,0,2007/VOLVO/S80/2007 Volvo S80 4-DR. w_SAB.png
2305,2007,VOLVO,V50,2007 Volvo V50 Wagon w/SAB,,Not Rated,Not Rated,Not Rated,Not Rated,Not Rated,Not Rated,Not Rated,Not Rated,Not Rated,Not Rated,Not Rated,Not Rated,0,0, ,Not Rated,Optional,No,No,6,2,0,2007/VOLVO/V50/2007 Volvo V50 Wagon w_SAB.png
2145,2007,VOLVO,V70,2007 Volvo V70 4-DR. Wagon w/SAB,,Not Rated,Not Rated,5,5,Not Rated,5,5,Not Rated,Not Rated,Not Rated,Not Rated,4,0,0.105, ,Not Rated,Standard,No,No,11,2,0,2007/VOLVO/V70/2007 Volvo V70 4-DR. Wagon w_SAB.png
2144,2007,VOLVO,XC70,2007 Volvo XC70 4-DR. Wagon w/SAB,,Not Rated,Not Rated,5,5,Not Rated,5,5,Not Rated,Not Rated,Not Rated,4,Not Rated,0.13,0,No Tip,Not Rated,Standard,No,No,24,2,0,2007/VOLVO/XC70/2007 Volvo XC70 4-DR. Wagon w_SAB.png
2143,2007,VOLVO,XC90,2007 Volvo XC90 4-DR. w/SAB,,Not Rated,Not Rated,5,5,Not Rated,5,5,Not Rated,Not Rated,Not Rated,4,Not Rated,0.179,0,No Tip,Not Rated,Standard,No,No,37,2,0,2007/VOLVO/XC90/2007 Volvo XC90 4-DR. w_SAB.png